{
  "n_train": 180,
  "n_test": 226,
  "target_column": "target",
  "epochs_run": 37,
  "best_epoch": 22,
  "train_time_s": 7.1,
  "rmse": 1.0648494281229497,
  "mae": 0.7751004184241843,
  "r2": 0.7601118050283072,
  "predictions": [
    -1.713809847831726,
    -2.5595381259918213,
    -2.898092031478882,
    -1.6757631301879883,
    -5.044010162353516,
    -1.4676495790481567,
    -3.784498691558838,
    -1.5979912281036377,
    -6.769186019897461,
    -2.195427894592285,
    -4.914771556854248,
    -1.6228785514831543,
    -3.757899761199951,
    -1.4576271772384644,
    -2.310741901397705,
    -0.5819032192230225,
    -2.6019790172576904,
    -5.903449535369873,
    -3.3743896484375,
    -3.715574264526367,
    -0.667123556137085,
    -5.476428985595703,
    1.2011704444885254,
    -1.5812886953353882,
    -1.4296183586120605,
    -6.436426162719727,
    -0.2817683219909668,
    -0.5546987056732178,
    -1.3909201622009277,
    -1.1529356241226196,
    -1.0072112083435059,
    -6.521444320678711,
    -2.702846050262451,
    -2.3998241424560547,
    -2.208411455154419,
    -2.4647600650787354,
    -3.3222734928131104,
    -0.7822308540344238,
    -4.5237627029418945,
    -4.208677291870117,
    -0.7336411476135254,
    -4.890171051025391,
    -4.169285774230957,
    -5.566338539123535,
    -7.692261219024658,
    -5.006115913391113,
    -4.875308036804199,
    -3.2636611461639404,
    -3.5646023750305176,
    -4.4181342124938965,
    -3.567368507385254,
    -7.362405776977539,
    -1.3714569807052612,
    -2.8969404697418213,
    -1.3000231981277466,
    -4.264963150024414,
    -2.085069179534912,
    -3.8665413856506348,
    -2.4660568237304688,
    -4.842333793640137,
    -2.9291529655456543,
    -2.82627534866333,
    -0.23653340339660645,
    -3.299534320831299,
    -3.72926926612854,
    -2.2484092712402344,
    -2.6048221588134766,
    -6.075296401977539,
    -2.617236852645874,
    -2.645937442779541,
    -0.6009500026702881,
    -0.1644608974456787,
    -2.440342903137207,
    -5.209008693695068,
    -2.503849983215332,
    -0.20210599899291992,
    -1.9887855052947998,
    -3.3659400939941406,
    -2.938378095626831,
    -5.1050567626953125,
    -3.874591827392578,
    -1.0144455432891846,
    -3.020582914352417,
    -3.408860445022583,
    -3.942448854446411,
    -2.1094160079956055,
    -2.8010263442993164,
    -1.2946423292160034,
    -4.468150615692139,
    -0.5095047950744629,
    -2.6105947494506836,
    -3.9685983657836914,
    -4.577524185180664,
    -0.9359087944030762,
    -1.410459280014038,
    -3.7938201427459717,
    -1.2878590822219849,
    -0.3917512893676758,
    -2.0191121101379395,
    -0.0005879402160644531,
    -2.2297844886779785,
    -2.9973533153533936,
    -5.818294525146484,
    -3.049588203430176,
    -2.3683199882507324,
    -3.8697638511657715,
    -1.5635502338409424,
    -0.9757978916168213,
    -4.275605201721191,
    -4.635433197021484,
    -7.256781101226807,
    -2.3537421226501465,
    -2.3896336555480957,
    -3.7252159118652344,
    -1.1070756912231445,
    -0.5441031455993652,
    -1.3044158220291138,
    -1.1322927474975586,
    -1.1884710788726807,
    -2.7662270069122314,
    -2.7608485221862793,
    -3.7823665142059326,
    -3.068042755126953,
    -2.5788540840148926,
    -2.069439649581909,
    -3.173241376876831,
    -3.0568230152130127,
    -3.2367868423461914,
    -0.7136926651000977,
    -1.717903971672058,
    -1.489922285079956,
    -3.146148920059204,
    -2.030597686767578,
    -2.9705162048339844,
    -1.4279838800430298,
    -2.9149670600891113,
    -1.536849856376648,
    -2.573786497116089,
    -3.570099115371704,
    -3.5793354511260986,
    -2.94651460647583,
    -4.375340461730957,
    -3.9096522331237793,
    -3.3435730934143066,
    -2.630650281906128,
    -2.7939252853393555,
    -0.9698026180267334,
    -2.640108346939087,
    -1.6065433025360107,
    -3.723510980606079,
    -0.5175554752349854,
    -1.1747431755065918,
    -4.410426139831543,
    -1.0495890378952026,
    -2.8184025287628174,
    -2.5466837882995605,
    -7.636284828186035,
    -3.4343173503875732,
    -1.6340135335922241,
    -7.9913859367370605,
    -1.5105994939804077,
    -3.1722729206085205,
    -1.5248914957046509,
    -2.440342903137207,
    -4.021411418914795,
    -3.6177175045013428,
    -1.8544551134109497,
    -1.7528926134109497,
    -1.9111710786819458,
    -1.4278974533081055,
    -1.3111988306045532,
    -2.5405564308166504,
    -1.6314449310302734,
    -3.932918071746826,
    -5.402029991149902,
    -3.5487189292907715,
    -3.2145566940307617,
    -3.622584342956543,
    -3.7443294525146484,
    -6.672755241394043,
    -3.1046934127807617,
    -6.653344631195068,
    -0.6839864253997803,
    -1.8537205457687378,
    -2.0758280754089355,
    -3.588898181915283,
    -1.442407250404358,
    -2.7786335945129395,
    -6.90690803527832,
    -2.0373470783233643,
    -0.6825230121612549,
    -4.802004814147949,
    -0.9834060668945312,
    -4.195621967315674,
    -3.4186840057373047,
    0.4082493782043457,
    -4.465371131896973,
    -6.656416416168213,
    -0.18904376029968262,
    -3.98736834526062,
    -0.7626669406890869,
    -3.036830186843872,
    -3.629655361175537,
    -3.0401742458343506,
    -4.639217376708984,
    -0.04667997360229492,
    -3.619016647338867,
    -1.9140238761901855,
    -0.3307323455810547,
    -4.044160842895508,
    -1.3435335159301758,
    -2.012906074523926,
    -1.520046353340149,
    -0.560128927230835,
    -1.0830169916152954,
    -3.659745216369629,
    -3.6328697204589844,
    -4.009702205657959,
    -3.1891894340515137,
    -8.058456420898438,
    -0.38736796379089355,
    -4.5722246170043945,
    -10.286931037902832,
    -1.9650518894195557,
    -2.8579721450805664,
    -2.8514902591705322
  ],