{
  "n_train": 183,
  "n_test": 229,
  "epochs_run": 84,
  "best_epoch": 69,
  "train_time_s": 61.7,
  "rmse": 0.7873448909995162,
  "mae": 0.5806140045932286,
  "r2": 0.8576401705044714,
  "predictions": [
    -0.8330874443054199,
    -6.398569107055664,
    -4.635198593139648,
    -3.874951124191284,
    0.40251946449279785,
    -5.2341718673706055,
    0.3061180114746094,
    -4.499053955078125,
    -3.7013750076293945,
    -2.573429584503174,
    -1.9454047679901123,
    -0.9775676727294922,
    -4.17756462097168,
    -2.8568429946899414,
    -4.897345066070557,
    -2.1871891021728516,
    -3.377310276031494,
    -4.895703315734863,
    -1.2828798294067383,
    -1.5020203590393066,
    -3.231567859649658,
    -1.7235934734344482,
    -3.9604687690734863,
    -2.435119867324829,
    1.7163913249969482,
    -1.2706290483474731,
    -2.6793129444122314,
    -4.71913480758667,
    -4.151056289672852,
    -4.670105457305908,
    -2.76533579826355,
    -2.8629679679870605,
    -4.279694080352783,
    -1.832904577255249,
    -2.511838674545288,
    -8.595463752746582,
    -0.6639857292175293,
    -0.717216968536377,
    -2.208298921585083,
    -1.8001823425292969,
    -1.7283827066421509,
    -6.2821784019470215,
    -1.6752337217330933,
    -0.6041796207427979,
    -1.3060537576675415,
    -2.582977771759033,
    -3.699582576751709,
    -2.1219329833984375,
    -0.10025477409362793,
    -2.0049471855163574,
    -3.5659966468811035,
    -0.9111738204956055,
    -1.4571937322616577,
    -4.104593753814697,
    -5.410670757293701,
    -4.929274082183838,
    -4.178361892700195,
    -3.299607276916504,
    -1.3335192203521729,
    -1.3991566896438599,
    -4.656980037689209,
    -4.517917633056641,
    -1.5926722288131714,
    -0.9083473682403564,
    -2.293560028076172,
    -1.559779167175293,
    -2.3962595462799072,
    -7.537574768066406,
    -1.6975938081741333,
    -2.856666088104248,
    -5.447052955627441,
    -3.042508363723755,
    -2.450655698776245,
    -4.7757368087768555,
    -3.5274219512939453,
    -0.623570442199707,
    -1.1076864004135132,
    -1.1306328773498535,
    -7.904084205627441,
    -3.77484130859375,
    -1.090393304824829,
    -3.0749595165252686,
    -6.959889888763428,
    -2.8280231952667236,
    -4.317449569702148,
    -1.7392023801803589,
    -5.676593780517578,
    3.912355661392212,
    -1.689287781715393,
    -3.638718843460083,
    -5.497424602508545,
    -1.162015438079834,
    -1.1570913791656494,
    -3.740692138671875,
    2.440246820449829,
    -5.9310503005981445,
    -3.5622730255126953,
    -2.056602954864502,
    -2.0853161811828613,
    -4.979990005493164,
    -4.1047163009643555,
    -4.391854286193848,
    -0.9804940223693848,
    -1.9932016134262085,
    -4.580018520355225,
    -10.081094741821289,
    -6.128740310668945,
    -1.5296717882156372,
    -6.633399963378906,
    -2.4449689388275146,
    -2.600423812866211,
    -4.918006896972656,
    -4.436618328094482,
    -5.278475761413574,
    -2.7779922485351562,
    -1.495040774345398,
    -2.3296360969543457,
    -3.727592706680298,
    -2.522728443145752,
    0.37779712677001953,
    -1.3913475275039673,
    -3.1026089191436768,
    -5.834467887878418,
    -3.087122917175293,
    -2.489184856414795,
    -3.1022417545318604,
    -1.2485452890396118,
    1.7446544170379639,
    -4.4204630851745605,
    -3.9970359802246094,
    -1.4297751188278198,
    -2.4174392223358154,
    -3.1147258281707764,
    -1.6005796194076538,
    -2.466369152069092,
    -5.778996467590332,
    -4.478097438812256,
    -1.555943250656128,
    -1.1826577186584473,
    -2.0688958168029785,
    -3.970146417617798,
    -3.3170127868652344,
    -2.8177075386047363,
    -3.26204252243042,
    -3.950809955596924,
    -8.259599685668945,
    -4.55038595199585,
    -5.104093074798584,
    -9.277006149291992,
    -1.9833126068115234,
    -1.4079149961471558,
    -1.2430832386016846,
    0.6444900035858154,
    -3.969839572906494,
    -8.322866439819336,
    -3.956284284591675,
    -0.300983190536499,
    -4.890979290008545,
    -0.5867006778717041,
    -4.31206750869751,
    -7.032382965087891,
    -0.41483354568481445,
    -4.3174333572387695,
    -3.4474730491638184,
    -4.278506755828857,
    -4.757095813751221,
    -4.147157669067383,
    -0.5459158420562744,
    -0.6758184432983398,
    -2.2749991416931152,
    -4.600176811218262,
    -1.25517737865448,
    -0.24453067779541016,
    -4.175966739654541,
    -1.910770058631897,
    -7.253070831298828,
    -2.8292202949523926,
    -1.6816483736038208,
    -4.354089260101318,
    -4.043415546417236,
    -5.41205358505249,
    -2.8612358570098877,
    -1.3095484972000122,
    -2.0957529544830322,
    -4.424263000488281,
    -4.268057346343994,
    -0.9988176822662354,
    -1.4660412073135376,
    -4.533954620361328,
    -0.9750406742095947,
    -6.798833847045898,
    -2.9199752807617188,
    -2.0920886993408203,
    -1.5878032445907593,
    -2.4684083461761475,
    -2.3358848094940186,
    -3.656217336654663,
    0.20674514770507812,
    1.3567349910736084,
    -1.2469899654388428,
    -6.082097053527832,
    0.16991853713989258,
    -0.753974437713623,
    -3.230339765548706,
    -2.857940673828125,
    -1.5758213996887207,
    -1.6804397106170654,
    -4.052359580993652,
    -2.3845927715301514,
    -0.5850820541381836,
    -2.533339262008667,
    -2.8512308597564697,
    -3.691795587539673,
    -4.752534866333008,
    -5.427165985107422,
    -2.9342000484466553,
    -4.731036186218262,
    -3.3258607387542725,
    -2.718120574951172,
    -3.4581940174102783,
    -2.257984161376953,
    -1.1041293144226074,
    -6.869157314300537,
    -0.8478901386260986,
    1.3748023509979248,
    -0.830657958984375,
    -0.17855477333068848,
    -4.600961685180664,
    -1.2847900390625
  ],