{
  "n_train": 451,
  "n_test": 226,
  "target_column": "target",
  "epochs_run": 37,
  "best_epoch": 22,
  "train_time_s": 12.9,
  "rmse": 0.7642717374920412,
  "mae": 0.5689907912659434,
  "r2": 0.8764257338504666,
  "predictions": [
    -2.6558799743652344,
    -2.407686471939087,
    -2.9386415481567383,
    -2.7294723987579346,
    -6.626314163208008,
    -1.7410582304000854,
    -4.532528877258301,
    -1.6973223686218262,
    -8.369667053222656,
    -2.5584094524383545,
    -4.7519121170043945,
    -0.7638359069824219,
    -2.877039670944214,
    -3.0132644176483154,
    -2.476226329803467,
    -0.41793370246887207,
    -3.037720203399658,
    -8.049297332763672,
    -3.6938347816467285,
    -3.6326215267181396,
    -1.7396032810211182,
    -5.186978340148926,
    1.2178001403808594,
    -2.198234796524048,
    -1.4375663995742798,
    -7.485133171081543,
    -0.01459360122680664,
    -0.2562284469604492,
    -1.2483251094818115,
    -1.8198455572128296,
    -1.5174657106399536,
    -6.266515731811523,
    -3.6262741088867188,
    -1.8364942073822021,
    -2.1560401916503906,
    -3.101632595062256,
    -4.077826499938965,
    -0.4321177005767822,
    -4.208001136779785,
    -5.594282150268555,
    -1.4243220090866089,
    -6.6807403564453125,
    -4.444329261779785,
    -5.478008270263672,
    -7.695713996887207,
    -4.317483901977539,
    -4.406465530395508,
    -4.1498870849609375,
    -4.964278697967529,
    -5.873704433441162,
    -4.80063009262085,
    -7.3598504066467285,
    -1.5949350595474243,
    -2.576446294784546,
    -1.238909363746643,
    -4.269598007202148,
    -2.0477185249328613,
    -4.095500946044922,
    -3.3750803470611572,
    -6.48721170425415,
    -2.7824864387512207,
    -2.96848201751709,
    0.14760708808898926,
    -5.508718490600586,
    -4.025421142578125,
    -1.9676713943481445,
    -2.8459882736206055,
    -6.43660306930542,
    -3.0455667972564697,
    -2.7693357467651367,
    -0.3380124568939209,
    -0.055553436279296875,
    -2.0441653728485107,
    -6.231346607208252,
    -2.28084659576416,
    -0.5682313442230225,
    -2.050900936126709,
    -3.2532355785369873,
    -4.773019313812256,
    -6.641862869262695,
    -4.209201812744141,
    -1.3635153770446777,
    -3.381070375442505,
    -3.869884490966797,
    -5.000636577606201,
    -1.3241245746612549,
    -2.9332733154296875,
    -1.0372881889343262,
    -5.826641082763672,
    -0.5166213512420654,
    -1.9856352806091309,
    -4.703384876251221,
    -4.352002143859863,
    -0.944832444190979,
    -1.4999942779541016,
    -5.464707374572754,
    -1.847179651260376,
    -0.44977760314941406,
    -2.6303391456604004,
    -0.22020554542541504,
    -2.0848798751831055,
    -3.559581756591797,
    -5.472251892089844,
    -2.8402459621429443,
    -1.9269609451293945,
    -4.121616363525391,
    -1.4199864864349365,
    -0.7759947776794434,
    -4.185149669647217,
    -6.538679599761963,
    -7.210099220275879,
    -1.7524698972702026,
    -2.4431312084198,
    -3.257904291152954,
    -1.1463141441345215,
    -0.5056991577148438,
    -1.2199301719665527,
    -0.9798164367675781,
    -1.4695347547531128,
    -2.4444375038146973,
    -3.0809059143066406,
    -5.047248840332031,
    -3.893878936767578,
    -2.199915647506714,
    -2.728499412536621,
    -3.5518746376037598,
    -3.059366226196289,
    -5.523228168487549,
    -0.43152451515197754,
    -1.8038735389709473,
    -1.3491995334625244,
    -2.6502108573913574,
    -1.8900442123413086,
    -2.5191853046417236,
    -1.929211139678955,
    -2.7045395374298096,
    -1.4341585636138916,
    -2.144782304763794,
    -4.753910541534424,
    -4.212576389312744,
    -3.6949527263641357,
    -4.411803245544434,
    -4.312619209289551,
    -3.833608627319336,
    -2.7356672286987305,
    -2.5864315032958984,
    -0.7929098606109619,
    -2.33243989944458,
    -1.045985221862793,
    -3.7274866104125977,
    -0.17635583877563477,
    -0.8537967205047607,
    -4.445868492126465,
    -1.1697239875793457,
    -3.079578399658203,
    -3.5949318408966064,
    -7.642153263092041,
    -4.149860858917236,
    -2.308814287185669,
    -8.26319694519043,
    -1.9740498065948486,
    -3.0104808807373047,
    -1.1941828727722168,
    -2.04416561126709,
    -5.133196830749512,
    -3.681765556335449,
    -1.7394338846206665,
    -1.789063811302185,
    -1.4422391653060913,
    -1.9478585720062256,
    -1.4962825775146484,
    -3.4693470001220703,
    -1.8185116052627563,
    -4.067408561706543,
    -7.298614978790283,
    -4.526833534240723,
    -3.5620193481445312,
    -4.781966209411621,
    -3.6690006256103516,
    -6.754040241241455,
    -3.2010393142700195,
    -7.960742950439453,
    -0.03158426284790039,
    -1.602894902229309,
    -1.9190750122070312,
    -3.6436405181884766,
    -0.9435588121414185,
    -3.2721502780914307,
    -6.7283477783203125,
    -3.1762778759002686,
    -0.8807716369628906,
    -4.677419662475586,
    -0.590980052947998,
    -4.069023132324219,
    -3.9635870456695557,
    0.39888668060302734,
    -4.091804504394531,
    -6.269771575927734,
    0.009663581848144531,
    -3.8550243377685547,
    -0.4779517650604248,
    -3.545508861541748,
    -3.963212490081787,
    -3.083784341812134,
    -4.277029037475586,
    0.1048882007598877,
    -3.43727445602417,
    -2.6819119453430176,
    -0.3314938545227051,
    -3.7572062015533447,
    -1.4664866924285889,
    -3.369311571121216,
    -2.2828197479248047,
    -0.3867611885070801,
    -1.074669599533081,
    -4.601850509643555,
    -3.736455202102661,
    -4.902677059173584,
    -3.5211524963378906,
    -8.352396011352539,
    -0.579606294631958,
    -4.633886814117432,
    -7.053229808807373,
    -2.6704399585723877,
    -2.6376266479492188,
    -3.211899757385254
  ],