{
  "n_train": 732,
  "n_test": 229,
  "epochs_run": 57,
  "best_epoch": 42,
  "train_time_s": 109.1,
  "rmse": 0.6106824561114885,
  "mae": 0.4315592612762118,
  "r2": 0.9143576909733945,
  "predictions": [
    -0.8240413665771484,
    -5.877801895141602,
    -4.529534339904785,
    -3.1684458255767822,
    -0.4821641445159912,
    -5.258153915405273,
    -0.09892725944519043,
    -4.460211753845215,
    -3.597557783126831,
    -2.2434792518615723,
    -1.8113913536071777,
    -0.8122203350067139,
    -3.3831164836883545,
    -3.430382490158081,
    -4.225529670715332,
    -1.9890085458755493,
    -3.3425893783569336,
    -4.877741813659668,
    -0.9762804508209229,
    -1.772801399230957,
    -3.294419288635254,
    -1.6388373374938965,
    -4.379504203796387,
    -2.388965368270874,
    1.495765209197998,
    -1.085803508758545,
    -2.9899520874023438,
    -5.614672660827637,
    -3.0739872455596924,
    -3.441678047180176,
    -1.6161550283432007,
    -2.615185022354126,
    -3.618530750274658,
    -1.591536521911621,
    -2.115238904953003,
    -7.744912624359131,
    -0.38366031646728516,
    -0.6593062877655029,
    -2.237781286239624,
    -1.5900620222091675,
    -1.849291443824768,
    -6.890215873718262,
    -2.26420259475708,
    -1.230588674545288,
    -1.6548413038253784,
    -2.2375917434692383,
    -3.664029359817505,
    -1.6090105772018433,
    -0.011500358581542969,
    -1.5527713298797607,
    -3.248220443725586,
    -1.834396243095398,
    -2.3689041137695312,
    -3.084000825881958,
    -5.389132499694824,
    -6.330014228820801,
    -4.62375545501709,
    -3.204484701156616,
    -0.8151695728302002,
    -2.304783344268799,
    -4.1018218994140625,
    -4.378150463104248,
    -0.9967396259307861,
    -0.9651880264282227,
    -2.3347036838531494,
    -1.6181905269622803,
    -1.7890793085098267,
    -6.536886215209961,
    -1.990950584411621,
    -2.3234822750091553,
    -5.625676155090332,
    -3.8727784156799316,
    -2.6167209148406982,
    -4.811953544616699,
    -2.325026750564575,
    -0.3526651859283447,
    -0.9756395816802979,
    -1.3858717679977417,
    -6.258727073669434,
    -4.650376319885254,
    -1.1811201572418213,
    -3.1863605976104736,
    -5.803822040557861,
    -3.0341849327087402,
    -3.07869029045105,
    -1.4790563583374023,
    -5.001899242401123,
    0.6792995929718018,
    -1.7507562637329102,
    -3.952108144760132,
    -6.462790012359619,
    -0.19244670867919922,
    -0.989438533782959,
    -2.816532611846924,
    0.3931305408477783,
    -5.946712493896484,
    -3.513031482696533,
    -2.3851358890533447,
    -2.5092105865478516,
    -5.474514961242676,
    -3.2394349575042725,
    -3.855388879776001,
    -1.0634171962738037,
    -2.364125967025757,
    -3.717604875564575,
    -9.52527904510498,
    -5.560298442840576,
    -1.2802833318710327,
    -6.580467700958252,
    -3.1755571365356445,
    -2.4130067825317383,
    -4.107666969299316,
    -5.150500297546387,
    -5.237689971923828,
    -2.615384340286255,
    -0.9561634063720703,
    -2.479346752166748,
    -3.57749080657959,
    -2.428785800933838,
    0.11206173896789551,
    -1.2136459350585938,
    -2.2065393924713135,
    -3.866708993911743,
    -4.2199296951293945,
    -2.477842330932617,
    -3.2761924266815186,
    -1.8396650552749634,
    0.7302384376525879,
    -3.745847702026367,
    -4.066823482513428,
    -1.0901331901550293,
    -2.2002501487731934,
    -2.9146616458892822,
    -0.9856996536254883,
    -2.9128241539001465,
    -6.07296085357666,
    -4.4793243408203125,
    -1.9414550065994263,
    -0.8504049777984619,
    -1.6532288789749146,
    -2.8842897415161133,
    -3.643083333969116,
    -3.0062055587768555,
    -2.508723735809326,
    -3.8770461082458496,
    -6.858845233917236,
    -3.945863723754883,
    -4.116604804992676,
    -8.264863014221191,
    -1.5156841278076172,
    -1.0023345947265625,
    -1.7160496711730957,
    0.8398308753967285,
    -3.7248635292053223,
    -7.165518283843994,
    -3.356128454208374,
    -0.21277689933776855,
    -4.783975601196289,
    -0.5903902053833008,
    -3.8376688957214355,
    -6.644976615905762,
    -0.29320430755615234,
    -4.248466491699219,
    -2.427948474884033,
    -5.358852386474609,
    -4.819154262542725,
    -4.644878387451172,
    -1.5352778434753418,
    -1.8974688053131104,
    -1.9967752695083618,
    -4.7978315353393555,
    -1.0261223316192627,
    -0.4763791561126709,
    -2.890650749206543,
    -1.457491159439087,
    -5.847348213195801,
    -2.3564558029174805,
    -1.3420424461364746,
    -4.493658065795898,
    -4.237890243530273,
    -5.440735340118408,
    -2.187202215194702,
    -2.1338534355163574,
    -0.733715295791626,
    -4.792651653289795,
    -4.594799518585205,
    -1.3975948095321655,
    -1.7234456539154053,
    -5.158080101013184,
    -0.7160375118255615,
    -6.394546985626221,
    -2.708465576171875,
    -1.984296202659607,
    -1.5964733362197876,
    -2.490665912628174,
    -2.9473612308502197,
    -4.393244743347168,
    -0.16121840476989746,
    0.0414586067199707,
    -1.4907010793685913,
    -5.461005687713623,
    -0.39684081077575684,
    -0.31615495681762695,
    -3.6742732524871826,
    -2.475661277770996,
    -1.5946826934814453,
    -0.8298697471618652,
    -3.3973166942596436,
    -2.201239585876465,
    -0.5479836463928223,
    -2.3049097061157227,
    -2.6514461040496826,
    -4.317948341369629,
    -4.823640823364258,
    -5.304425239562988,
    -2.229027509689331,
    -4.156471252441406,
    -3.36775541305542,
    -2.435180187225342,
    -2.9536871910095215,
    -2.4492597579956055,
    -0.5443036556243896,
    -6.747012138366699,
    -0.9491186141967773,
    0.4546945095062256,
    -0.9377148151397705,
    -0.5400288105010986,
    -4.769832611083984,
    -1.3146417140960693
  ],