{
  "n_train": 451,
  "n_test": 226,
  "target_column": "target",
  "epochs_run": 77,
  "best_epoch": 62,
  "train_time_s": 25.5,
  "rmse": 0.7349474868573813,
  "mae": 0.5397940156734096,
  "r2": 0.8857266237993247,
  "predictions": [
    -2.430392026901245,
    -2.135662317276001,
    -2.5596776008605957,
    -2.3838744163513184,
    -6.360015869140625,
    -1.491668701171875,
    -4.470968723297119,
    -2.005866289138794,
    -8.35684585571289,
    -2.261016845703125,
    -4.92383337020874,
    -0.7206418514251709,
    -3.5383172035217285,
    -2.1719141006469727,
    -2.652514934539795,
    -0.20609354972839355,
    -2.9258856773376465,
    -8.756011962890625,
    -2.7641756534576416,
    -3.546794891357422,
    -1.6641871929168701,
    -5.389389991760254,
    0.8749103546142578,
    -1.5360997915267944,
    -1.6789735555648804,
    -7.472782611846924,
    -0.4983687400817871,
    -0.437481164932251,
    -1.3585261106491089,
    -1.5003445148468018,
    -1.39022958278656,
    -6.124978065490723,
    -3.5620760917663574,
    -1.905488133430481,
    -2.356797218322754,
    -2.4074840545654297,
    -4.0568528175354,
    -0.037663936614990234,
    -4.25421667098999,
    -6.066792964935303,
    -1.1821690797805786,
    -7.269370079040527,
    -4.585818290710449,
    -6.1213226318359375,
    -7.373631000518799,
    -4.721040725708008,
    -4.802200794219971,
    -3.326059341430664,
    -4.720154762268066,
    -6.372675895690918,
    -4.671820163726807,
    -7.288880825042725,
    -1.8191196918487549,
    -2.2038869857788086,
    -0.8841102123260498,
    -4.127243518829346,
    -2.415336847305298,
    -3.6504318714141846,
    -3.6123769283294678,
    -6.804531097412109,
    -2.474468946456909,
    -2.5424599647521973,
    0.0711674690246582,
    -5.744594573974609,
    -3.6237454414367676,
    -1.9730360507965088,
    -2.9519777297973633,
    -6.640359878540039,
    -2.8776679039001465,
    -3.6346452236175537,
    -0.00856471061706543,
    0.7691318988800049,
    -1.816779613494873,
    -6.444120407104492,
    -1.9996010065078735,
    -0.17157626152038574,
    -1.762750267982483,
    -3.5996196269989014,
    -4.460275650024414,
    -6.149323463439941,
    -4.104543685913086,
    -1.513798713684082,
    -3.5428357124328613,
    -3.2106058597564697,
    -5.062098503112793,
    -1.1471678018569946,
    -2.506457805633545,
    -0.6759321689605713,
    -5.8737688064575195,
    -0.4677095413208008,
    -2.2624597549438477,
    -3.922062873840332,
    -4.691496849060059,
    -0.5733089447021484,
    -1.1510646343231201,
    -4.047119617462158,
    -1.6362131834030151,
    -0.6306455135345459,
    -2.738926649093628,
    -0.3974630832672119,
    -1.7941579818725586,
    -3.864422082901001,
    -5.651376724243164,
    -3.295344114303589,
    -1.8556749820709229,
    -4.456844329833984,
    -1.0698515176773071,
    -0.6317300796508789,
    -4.188039779663086,
    -6.866847991943359,
    -6.945100784301758,
    -1.3471182584762573,
    -2.342926263809204,
    -3.2845208644866943,
    -1.4395285844802856,
    -0.3670768737792969,
    -1.1380161046981812,
    -1.226982593536377,
    -1.2249696254730225,
    -2.5768728256225586,
    -2.5124783515930176,
    -4.597776412963867,
    -4.061086654663086,
    -1.9825358390808105,
    -3.1437413692474365,
    -3.563141107559204,
    -2.7280828952789307,
    -5.288435459136963,
    -0.24802327156066895,
    -0.9883158206939697,
    -0.8620572090148926,
    -2.701042890548706,
    -1.079434871673584,
    -3.064532518386841,
    -2.1881234645843506,
    -2.813045024871826,
    -2.2529919147491455,
    -1.3676127195358276,
    -4.25311803817749,
    -4.337157249450684,
    -4.034120082855225,
    -4.477130889892578,
    -4.445713043212891,
    -3.6118242740631104,
    -2.7061777114868164,
    -2.9637062549591064,
    -0.4815380573272705,
    -2.1644129753112793,
    -0.5982837677001953,
    -3.629653215408325,
    0.1499042510986328,
    -1.1569379568099976,
    -4.2060136795043945,
    -1.4846478700637817,
    -2.445767402648926,
    -3.733386993408203,
    -7.276056289672852,
    -3.4430007934570312,
    -2.4027020931243896,
    -8.302064895629883,
    -1.7605005502700806,
    -2.8723111152648926,
    -0.6241316795349121,
    -1.8167798519134521,
    -4.937897205352783,
    -3.396959066390991,
    -1.35792875289917,
    -1.84239661693573,
    -1.2400586605072021,
    -1.919357180595398,
    -1.7873620986938477,
    -3.504192352294922,
    -0.8621261119842529,
    -4.305296421051025,
    -7.270619869232178,
    -3.4540648460388184,
    -3.897695779800415,
    -4.722105979919434,
    -3.6611886024475098,
    -6.684504508972168,
    -3.3126020431518555,
    -7.851593017578125,
    0.09130859375,
    -1.2790247201919556,
    -2.14980411529541,
    -3.879239082336426,
    -0.6377596855163574,
    -3.554565668106079,
    -6.704256534576416,
    -2.439649820327759,
    -0.5740976333618164,
    -5.521144866943359,
    -0.4981238842010498,
    -3.848797559738159,
    -3.5690982341766357,
    0.09955048561096191,
    -4.228166580200195,
    -6.3040690422058105,
    0.5482165813446045,
    -3.9878580570220947,
    -0.22843003273010254,
    -3.5229291915893555,
    -3.418700695037842,
    -2.953078031539917,
    -4.556766510009766,
    0.12859463691711426,
    -3.770951747894287,
    -2.5570428371429443,
    -0.5325331687927246,
    -4.115905284881592,
    -1.305678129196167,
    -3.1101157665252686,
    -2.2386417388916016,
    -0.5040278434753418,
    -0.9199788570404053,
    -4.789930820465088,
    -3.4486594200134277,
    -5.031188011169434,
    -3.655057668685913,
    -8.236329078674316,
    -0.271315336227417,
    -4.559112071990967,
    -6.4845147132873535,
    -2.612456798553467,
    -2.458113431930542,
    -3.0028936862945557
  ],