{
  "n_train": 721,
  "n_test": 226,
  "target_column": "target",
  "epochs_run": 67,
  "best_epoch": 52,
  "train_time_s": 32.7,
  "rmse": 0.6240470837385105,
  "mae": 0.463368756053722,
  "r2": 0.9176113984321511,
  "predictions": [
    -2.475412368774414,
    -1.9595057964324951,
    -2.673391103744507,
    -1.6386271715164185,
    -6.978942394256592,
    -1.1966640949249268,
    -4.137869834899902,
    -1.5360519886016846,
    -8.244497299194336,
    -2.573228359222412,
    -4.713945388793945,
    -0.553675651550293,
    -2.786910057067871,
    -2.1954450607299805,
    -2.6970374584198,
    -0.5949575901031494,
    -2.3571834564208984,
    -9.229488372802734,
    -3.347851037979126,
    -3.6152548789978027,
    -1.5789486169815063,
    -6.46614933013916,
    0.8962931632995605,
    -1.912152647972107,
    -1.473189353942871,
    -7.549163818359375,
    -0.4479072093963623,
    -0.597973108291626,
    -1.2853937149047852,
    -1.6513936519622803,
    -1.8373653888702393,
    -6.480063438415527,
    -3.9246087074279785,
    -1.7624402046203613,
    -2.3888726234436035,
    -1.9251062870025635,
    -3.916778087615967,
    -0.12670588493347168,
    -4.873477458953857,
    -6.506436347961426,
    -1.2215656042099,
    -7.237921714782715,
    -4.895505905151367,
    -5.8250322341918945,
    -7.527752876281738,
    -5.431530952453613,
    -3.51656174659729,
    -2.926828622817993,
    -5.401957035064697,
    -6.412919044494629,
    -5.228410720825195,
    -7.985567092895508,
    -1.9398229122161865,
    -2.4445102214813232,
    -0.9157342910766602,
    -3.922089099884033,
    -1.9436293840408325,
    -4.456577301025391,
    -3.2869014739990234,
    -6.546043395996094,
    -2.6861274242401123,
    -2.3729360103607178,
    -0.24229764938354492,
    -5.428369522094727,
    -4.090003490447998,
    -1.767303228378296,
    -2.249436378479004,
    -6.296663284301758,
    -2.3347740173339844,
    -3.0597662925720215,
    -0.272719144821167,
    0.27504611015319824,
    -2.1879141330718994,
    -4.930808067321777,
    -2.4204142093658447,
    -0.33168649673461914,
    -1.7359641790390015,
    -4.262514114379883,
    -4.303412437438965,
    -6.336508750915527,
    -4.40098237991333,
    -1.6956239938735962,
    -3.13552188873291,
    -3.6111907958984375,
    -4.958801746368408,
    -0.9793477058410645,
    -2.338927745819092,
    -0.7037591934204102,
    -5.937755584716797,
    -0.3652493953704834,
    -2.0717051029205322,
    -4.051170825958252,
    -4.783618927001953,
    -0.8922595977783203,
    -1.3338350057601929,
    -4.735133171081543,
    -1.1576350927352905,
    -0.04527616500854492,
    -2.2126593589782715,
    0.19600582122802734,
    -1.632506012916565,
    -3.512260675430298,
    -6.336730003356934,
    -3.2392728328704834,
    -1.4160046577453613,
    -4.145630836486816,
    -0.9716687202453613,
    -0.557112455368042,
    -5.266711711883545,
    -7.17508602142334,
    -7.6768646240234375,
    -1.2669010162353516,
    -2.2303149700164795,
    -2.828748941421509,
    -1.0842251777648926,
    -0.2767367362976074,
    -1.5801492929458618,
    -1.7681726217269897,
    -1.147150993347168,
    -2.744553327560425,
    -2.5982789993286133,
    -5.20938777923584,
    -3.107332706451416,
    -2.07540225982666,
    -2.4171907901763916,
    -3.742526054382324,
    -2.1181297302246094,
    -4.80752420425415,
    -0.4028334617614746,
    -1.226531982421875,
    -0.9562911987304688,
    -2.4251933097839355,
    -1.3735660314559937,
    -2.7420835494995117,
    -2.1151630878448486,
    -2.6575331687927246,
    -2.84458327293396,
    -1.3791557550430298,
    -5.510631084442139,
    -3.923067331314087,
    -4.523636817932129,
    -5.542836666107178,
    -4.063462257385254,
    -3.4772536754608154,
    -2.523343563079834,
    -3.1182925701141357,
    -1.148276686668396,
    -1.9235635995864868,
    0.2897148132324219,
    -3.886500835418701,
    -0.10863399505615234,
    -0.7526311874389648,
    -4.335291862487793,
    -1.568593144416809,
    -2.462369918823242,
    -3.8984904289245605,
    -7.214491844177246,
    -2.9036426544189453,
    -2.640594720840454,
    -8.332730293273926,
    -1.980608344078064,
    -2.9632327556610107,
    0.39287734031677246,
    -2.1879141330718994,
    -4.696578025817871,
    -3.6243233680725098,
    -1.6447796821594238,
    -1.7149592638015747,
    -0.9001927375793457,
    -1.7892603874206543,
    -1.7045650482177734,
    -4.121138095855713,
    -1.288654088973999,
    -4.279784202575684,
    -7.549811363220215,
    -3.7640907764434814,
    -3.521656036376953,
    -4.607933044433594,
    -3.7711267471313477,
    -7.144362449645996,
    -3.8546302318573,
    -7.846837997436523,
    0.11936402320861816,
    -1.2875090837478638,
    -1.8865410089492798,
    -3.695763111114502,
    -0.34409618377685547,
    -3.241281032562256,
    -7.823097229003906,
    -3.0115787982940674,
    -0.7712233066558838,
    -5.9209794998168945,
    -0.7352540493011475,
    -4.02094030380249,
    -4.019364356994629,
    -0.9211952686309814,
    -4.267694473266602,
    -7.297834396362305,
    -0.1824038028717041,
    -3.796414375305176,
    -0.15520739555358887,
    -3.751974105834961,
    -3.751330614089966,
    -2.5064139366149902,
    -4.340620994567871,
    -0.1890411376953125,
    -4.464940071105957,
    -2.897658586502075,
    -0.7191474437713623,
    -4.424720764160156,
    -1.9235514402389526,
    -3.6799850463867188,
    -1.4915772676467896,
    -0.012226343154907227,
    -1.0873762369155884,
    -5.291868686676025,
    -4.059238433837891,
    -4.995462894439697,
    -3.844269275665283,
    -8.068984985351562,
    -0.39008545875549316,
    -4.403909206390381,
    -6.631792068481445,
    -2.729004383087158,
    -2.2278552055358887,
    -2.991133213043213
  ],