{
  "n_train": 457,
  "n_test": 229,
  "epochs_run": 47,
  "best_epoch": 32,
  "train_time_s": 57.5,
  "rmse": 0.7148662776906396,
  "mae": 0.5357016345819532,
  "r2": 0.8826435275407679,
  "predictions": [
    -0.6347401142120361,
    -5.554749488830566,
    -5.001166343688965,
    -3.6365466117858887,
    -0.9931783676147461,
    -5.6750898361206055,
    -0.5373804569244385,
    -4.448186874389648,
    -3.880398988723755,
    -2.963334798812866,
    -2.370020627975464,
    -1.5631963014602661,
    -3.655881881713867,
    -3.0043959617614746,
    -2.738785743713379,
    -2.5835940837860107,
    -3.085908889770508,
    -5.365565299987793,
    -0.7787275314331055,
    -2.714909076690674,
    -3.3330438137054443,
    -1.5208990573883057,
    -4.2241106033325195,
    -2.676068067550659,
    1.5918593406677246,
    -0.9149651527404785,
    -2.336373805999756,
    -4.965880393981934,
    -3.6872525215148926,
    -3.3490874767303467,
    -1.8287005424499512,
    -2.226933002471924,
    -3.9928414821624756,
    -1.7789167165756226,
    -2.1459319591522217,
    -7.615941047668457,
    -0.6803159713745117,
    -0.8804466724395752,
    -2.2244040966033936,
    -2.2659130096435547,
    -1.8932280540466309,
    -6.703620910644531,
    -2.505610942840576,
    -1.2160800695419312,
    -2.208498239517212,
    -3.0337932109832764,
    -3.970979690551758,
    -1.7418937683105469,
    -0.11682891845703125,
    -1.552234411239624,
    -2.7663233280181885,
    -1.9021036624908447,
    -2.5354299545288086,
    -3.2627856731414795,
    -5.949408531188965,
    -6.735938549041748,
    -5.103928565979004,
    -3.650812864303589,
    -1.5279946327209473,
    -2.4961647987365723,
    -4.538352012634277,
    -4.990595817565918,
    -0.9252426624298096,
    -1.050413727760315,
    -2.141634941101074,
    -1.7983921766281128,
    -2.5263330936431885,
    -5.9271039962768555,
    -2.586059331893921,
    -3.076328754425049,
    -5.050043106079102,
    -3.825005292892456,
    -3.2473232746124268,
    -5.023856163024902,
    -3.2779388427734375,
    -0.6276624202728271,
    -1.4750244617462158,
    -1.772887945175171,
    -6.936453819274902,
    -5.410463333129883,
    -1.0603389739990234,
    -2.8004016876220703,
    -5.4054412841796875,
    -2.441723585128784,
    -3.5488345623016357,
    -2.007634162902832,
    -5.337039470672607,
    1.5610671043395996,
    -1.7404345273971558,
    -3.425746440887451,
    -6.879593849182129,
    -1.8119213581085205,
    -0.9772195816040039,
    -3.6251978874206543,
    0.9459571838378906,
    -6.080748081207275,
    -3.997875690460205,
    -2.061513900756836,
    -2.41811203956604,
    -5.522648811340332,
    -3.775218963623047,
    -4.385488033294678,
    -1.8486248254776,
    -2.1452419757843018,
    -4.207030773162842,
    -9.443550109863281,
    -5.678153038024902,
    -1.3933815956115723,
    -6.521799087524414,
    -3.03372859954834,
    -3.5284347534179688,
    -5.377992630004883,
    -5.16404914855957,
    -4.938991069793701,
    -2.6573750972747803,
    -1.1024866104125977,
    -2.3985888957977295,
    -3.377316474914551,
    -2.8478527069091797,
    -0.3369169235229492,
    -1.3292515277862549,
    -3.1793651580810547,
    -4.328899383544922,
    -4.51485013961792,
    -2.430060625076294,
    -4.636607646942139,
    -2.014023780822754,
    0.7230925559997559,
    -4.434845447540283,
    -3.7949905395507812,
    -1.1782232522964478,
    -2.976052761077881,
    -2.2295775413513184,
    -0.8059101104736328,
    -2.984138011932373,
    -5.681830883026123,
    -4.421695709228516,
    -1.9080673456192017,
    -0.9697866439819336,
    -2.0747573375701904,
    -3.858433961868286,
    -2.803370475769043,
    -2.8882837295532227,
    -2.8258702754974365,
    -4.1210832595825195,
    -6.938668727874756,
    -4.474462985992432,
    -4.892115592956543,
    -8.298093795776367,
    -1.8942416906356812,
    -1.7600334882736206,
    -1.5203075408935547,
    0.6908345222473145,
    -3.8485372066497803,
    -7.086352348327637,
    -3.6194138526916504,
    -0.4273712635040283,
    -4.880824565887451,
    -1.0376229286193848,
    -4.57759428024292,
    -5.361198425292969,
    -0.4216902256011963,
    -4.236067771911621,
    -2.5959270000457764,
    -5.485039710998535,
    -5.690446853637695,
    -4.022255897521973,
    -1.5388716459274292,
    -2.2694525718688965,
    -2.405946731567383,
    -4.742287635803223,
    -0.9237203598022461,
    -0.38569164276123047,
    -3.8131706714630127,
    -1.5478754043579102,
    -5.287959098815918,
    -2.463590145111084,
    -1.3995530605316162,
    -4.9785847663879395,
    -4.378572940826416,
    -5.711396217346191,
    -2.2351205348968506,
    -2.4116933345794678,
    -1.6226531267166138,
    -3.922701358795166,
    -3.8759267330169678,
    -1.418957233428955,
    -2.1301684379577637,
    -3.9257421493530273,
    -0.6608266830444336,
    -6.321218967437744,
    -3.2877800464630127,
    -1.7755037546157837,
    -1.498425006866455,
    -2.568535327911377,
    -3.7623369693756104,
    -4.632332801818848,
    -0.796015739440918,
    1.174077033996582,
    -1.4486398696899414,
    -5.338216781616211,
    -0.6492078304290771,
    -1.3184572458267212,
    -3.211418390274048,
    -2.490065336227417,
    -1.3215463161468506,
    -1.922394037246704,
    -3.9508070945739746,
    -2.1540920734405518,
    -0.6171383857727051,
    -2.3403868675231934,
    -3.040041923522949,
    -4.396885871887207,
    -5.346466064453125,
    -5.811775207519531,
    -2.18341326713562,
    -4.536252975463867,
    -3.4863440990448,
    -3.0965898036956787,
    -2.652111053466797,
    -3.020089626312256,
    -0.6371142864227295,
    -5.410755634307861,
    -0.7074532508850098,
    1.270716667175293,
    -0.8896992206573486,
    0.3343019485473633,
    -5.221870422363281,
    -1.0932843685150146
  ],