{
  "n_train": 902,
  "n_test": 226,
  "target_column": "target",
  "epochs_run": 97,
  "best_epoch": 82,
  "train_time_s": 57.2,
  "rmse": 0.5660143144709641,
  "mae": 0.4127025155894524,
  "r2": 0.932222228180736,
  "predictions": [
    -2.620026111602783,
    -2.0750246047973633,
    -2.330866813659668,
    -2.6199655532836914,
    -7.042795181274414,
    -1.3133305311203003,
    -3.9769482612609863,
    -1.7317218780517578,
    -8.613640785217285,
    -2.8217310905456543,
    -4.715795040130615,
    0.002703428268432617,
    -3.4133787155151367,
    -2.3257551193237305,
    -2.7567996978759766,
    -0.8129606246948242,
    -2.4256839752197266,
    -9.34984016418457,
    -3.181480884552002,
    -3.5320162773132324,
    -1.3347673416137695,
    -6.180785179138184,
    0.8656680583953857,
    -1.787562608718872,
    -1.8632370233535767,
    -7.4251227378845215,
    -0.6410443782806396,
    -0.48421335220336914,
    -1.6113744974136353,
    -1.7319294214248657,
    -1.673691749572754,
    -6.408745765686035,
    -3.852388620376587,
    -1.8927971124649048,
    -2.505063533782959,
    -1.9333809614181519,
    -4.1400146484375,
    -0.004305601119995117,
    -4.7527031898498535,
    -6.727190971374512,
    -1.29606032371521,
    -7.4393696784973145,
    -4.478084564208984,
    -6.060249328613281,
    -7.576510906219482,
    -5.0478901863098145,
    -3.66623592376709,
    -3.529850482940674,
    -5.028507232666016,
    -6.872244834899902,
    -4.879405498504639,
    -8.297840118408203,
    -1.9014617204666138,
    -2.3865442276000977,
    -0.8572776317596436,
    -4.054563522338867,
    -1.7966830730438232,
    -4.485833168029785,
    -3.021867275238037,
    -6.689453125,
    -2.853768825531006,
    -2.528998374938965,
    -0.14440107345581055,
    -5.872815132141113,
    -4.0543622970581055,
    -1.5824573040008545,
    -2.080643892288208,
    -6.4003424644470215,
    -2.0666005611419678,
    -3.2850587368011475,
    -0.33301854133605957,
    0.7315495014190674,
    -2.186051845550537,
    -4.862061977386475,
    -2.5196988582611084,
    0.11836075782775879,
    -1.733327031135559,
    -3.9755406379699707,
    -4.404730319976807,
    -6.601230621337891,
    -4.628302574157715,
    -1.5376516580581665,
    -3.0362772941589355,
    -3.5002264976501465,
    -4.760231018066406,
    -1.3283878564834595,
    -2.450488328933716,
    -0.1979684829711914,
    -6.161604404449463,
    -0.4908146858215332,
    -2.8245089054107666,
    -3.981959819793701,
    -4.722537040710449,
    -0.8307952880859375,
    -1.538211703300476,
    -4.479176998138428,
    -1.1144856214523315,
    0.21106886863708496,
    -2.3410439491271973,
    0.13569307327270508,
    -2.007124900817871,
    -3.5054314136505127,
    -5.985423564910889,
    -3.2202281951904297,
    -1.7156291007995605,
    -3.721640110015869,
    -0.6652650833129883,
    -0.7735576629638672,
    -5.132944583892822,
    -7.657252311706543,
    -8.013092041015625,
    -1.0027797222137451,
    -2.306459426879883,
    -2.636387586593628,
    -1.2040886878967285,
    -0.3004021644592285,
    -1.559347152709961,
    -2.2310633659362793,
    -1.2178696393966675,
    -2.8191885948181152,
    -2.449875593185425,
    -5.101625442504883,
    -3.209578275680542,
    -2.133052110671997,
    -2.627572536468506,
    -3.6529204845428467,
    -2.5097999572753906,
    -4.922287940979004,
    -0.28165745735168457,
    -0.7604451179504395,
    -0.86454176902771,
    -2.5614352226257324,
    -1.3592315912246704,
    -2.91204833984375,
    -2.3896498680114746,
    -2.7393712997436523,
    -2.939920425415039,
    -1.0684664249420166,
    -4.568525314331055,
    -4.182276248931885,
    -4.489938735961914,
    -5.540375232696533,
    -3.985469102859497,
    -3.7233495712280273,
    -2.411787271499634,
    -3.123133897781372,
    -1.0608460903167725,
    -1.8963855504989624,
    0.2768676280975342,
    -3.600450277328491,
    -0.36617064476013184,
    -0.9170293807983398,
    -4.213662624359131,
    -1.6102206707000732,
    -2.1630125045776367,
    -4.209396839141846,
    -7.275345325469971,
    -3.229522705078125,
    -2.71759295463562,
    -8.721746444702148,
    -2.038381576538086,
    -2.795504570007324,
    0.005514383316040039,
    -2.186051845550537,
    -4.861138820648193,
    -3.390089988708496,
    -1.621546983718872,
    -1.8959763050079346,
    -0.8647775650024414,
    -1.4145663976669312,
    -1.8267006874084473,
    -4.102298736572266,
    -1.12449312210083,
    -4.663321495056152,
    -7.7107391357421875,
    -3.7365550994873047,
    -3.4739267826080322,
    -4.754520416259766,
    -3.6008241176605225,
    -7.439113140106201,
    -2.901484727859497,
    -7.8971662521362305,
    0.11684226989746094,
    -1.5509066581726074,
    -2.397728681564331,
    -3.685744285583496,
    -0.6746227741241455,
    -3.178476095199585,
    -7.804765701293945,
    -2.5733723640441895,
    -0.6050441265106201,
    -4.928926944732666,
    -0.6472353935241699,
    -3.466156482696533,
    -3.8439648151397705,
    -1.1630949974060059,
    -4.2870097160339355,
    -7.134488105773926,
    -0.0003159046173095703,
    -4.04002046585083,
    -0.3959023952484131,
    -3.5313303470611572,
    -3.2916555404663086,
    -2.605788469314575,
    -4.427392482757568,
    -0.29702091217041016,
    -4.007747173309326,
    -2.7512402534484863,
    -1.1498357057571411,
    -4.364715099334717,
    -1.7121628522872925,
    -3.651794672012329,
    -1.751741886138916,
    0.4026002883911133,
    -1.3711919784545898,
    -5.324525356292725,
    -3.9713897705078125,
    -5.102973937988281,
    -3.9944729804992676,
    -8.330296516418457,
    -0.012929916381835938,
    -4.259286880493164,
    -6.382892608642578,
    -2.754032850265503,
    -2.3293867111206055,
    -3.0505080223083496
  ],