{
  "n_train": 902,
  "n_test": 226,
  "target_column": "target",
  "epochs_run": 50,
  "best_epoch": 35,
  "train_time_s": 28.7,
  "rmse": 0.591025341132304,
  "mae": 0.44081399451314873,
  "r2": 0.9260999618088521,
  "predictions": [
    -2.173848867416382,
    -2.0704097747802734,
    -1.7340892553329468,
    -2.589888334274292,
    -6.668235778808594,
    -1.3453741073608398,
    -4.210079669952393,
    -1.5963037014007568,
    -8.492979049682617,
    -2.7498626708984375,
    -4.6376543045043945,
    -0.5619702339172363,
    -3.4392523765563965,
    -2.178300380706787,
    -2.87080979347229,
    -0.577416181564331,
    -2.3957157135009766,
    -9.321163177490234,
    -3.0936713218688965,
    -3.4407477378845215,
    -1.2525702714920044,
    -6.272610664367676,
    0.7191157341003418,
    -1.7188141345977783,
    -1.2593423128128052,
    -7.49153470993042,
    -0.6133930683135986,
    -0.4080045223236084,
    -1.5452439785003662,
    -1.530937910079956,
    -1.531191349029541,
    -6.571538925170898,
    -3.7574100494384766,
    -1.5469398498535156,
    -2.253798484802246,
    -1.8275882005691528,
    -4.1020684242248535,
    -0.19755887985229492,
    -4.4675421714782715,
    -6.72523832321167,
    -1.3093756437301636,
    -7.3935747146606445,
    -4.591612815856934,
    -6.235889434814453,
    -7.968411922454834,
    -5.185424327850342,
    -3.9665651321411133,
    -3.166842222213745,
    -5.583534240722656,
    -6.953607559204102,
    -5.0732269287109375,
    -8.248798370361328,
    -1.816943645477295,
    -2.37292218208313,
    -0.9216554164886475,
    -3.924696445465088,
    -2.1768958568573,
    -3.837782382965088,
    -3.0637190341949463,
    -6.881300926208496,
    -2.598752498626709,
    -2.561347007751465,
    -0.06349706649780273,
    -5.639752388000488,
    -3.7030739784240723,
    -1.9180147647857666,
    -2.1660330295562744,
    -6.550962448120117,
    -2.1457762718200684,
    -3.303596258163452,
    -0.2185227870941162,
    0.780970573425293,
    -1.8698863983154297,
    -5.510117530822754,
    -2.220973253250122,
    0.14055538177490234,
    -1.682909607887268,
    -3.854497194290161,
    -4.525502681732178,
    -6.108366012573242,
    -4.418920040130615,
    -1.485673427581787,
    -3.2248876094818115,
    -3.5832579135894775,
    -5.238214015960693,
    -1.0648488998413086,
    -2.1516404151916504,
    -0.5289125442504883,
    -5.944033145904541,
    -0.24226856231689453,
    -2.375704765319824,
    -3.928621768951416,
    -4.545843124389648,
    -0.6349067687988281,
    -1.4221045970916748,
    -4.465334415435791,
    -1.3374689817428589,
    0.14663338661193848,
    -2.2845077514648438,
    0.18398284912109375,
    -1.8708299398422241,
    -3.2945947647094727,
    -6.156806945800781,
    -2.9990439414978027,
    -1.6026058197021484,
    -3.9364356994628906,
    -0.8818397521972656,
    -0.6606214046478271,
    -4.814760684967041,
    -7.524547100067139,
    -7.842803955078125,
    -1.1341845989227295,
    -2.2450027465820312,
    -2.699512481689453,
    -1.3746777772903442,
    -0.18431854248046875,
    -1.4559950828552246,
    -1.9480879306793213,
    -1.4348621368408203,
    -2.5233702659606934,
    -2.661008358001709,
    -5.171211242675781,
    -3.187213182449341,
    -2.0164732933044434,
    -2.755558967590332,
    -3.5830912590026855,
    -2.2190005779266357,
    -4.7018513679504395,
    -0.2271101474761963,
    -1.0804497003555298,
    -0.8446412086486816,
    -2.6686365604400635,
    -1.1991924047470093,
    -2.664428234100342,
    -2.131714344024658,
    -2.4426469802856445,
    -2.8683018684387207,
    -1.3436996936798096,
    -4.480449676513672,
    -4.077798366546631,
    -4.513528347015381,
    -5.168188095092773,
    -4.136150360107422,
    -3.698427677154541,
    -2.471839427947998,
    -2.9589555263519287,
    -0.7804257869720459,
    -1.5658353567123413,
    0.30214476585388184,
    -3.515507936477661,
    -0.04603838920593262,
    -0.9707410335540771,
    -4.421281814575195,
    -1.495303750038147,
    -2.571347236633301,
    -4.105462551116943,
    -7.735889434814453,
    -2.9071743488311768,
    -2.5123491287231445,
    -8.829412460327148,
    -1.8559647798538208,
    -3.0692837238311768,
    0.046660661697387695,
    -1.8698863983154297,
    -4.5825300216674805,
    -3.3300857543945312,
    -1.4862875938415527,
    -1.6000654697418213,
    -0.5620200634002686,
    -1.6886353492736816,
    -1.7131706476211548,
    -3.630882978439331,
    -1.3068046569824219,
    -3.9784975051879883,
    -7.077218532562256,
    -3.663001298904419,
    -3.2653069496154785,
    -5.051694869995117,
    -3.5797059535980225,
    -7.339353561401367,
    -2.6592864990234375,
    -7.869508743286133,
    0.26364946365356445,
    -1.354480266571045,
    -1.9436272382736206,
    -3.798523426055908,
    -0.6335949897766113,
    -3.187622547149658,
    -7.431056499481201,
    -2.674753189086914,
    -0.7556741237640381,
    -5.426586151123047,
    -0.4723219871520996,
    -3.8224074840545654,
    -3.5939555168151855,
    -0.8677082061767578,
    -4.384686470031738,
    -7.107702255249023,
    0.11510062217712402,
    -3.8989763259887695,
    -0.1957557201385498,
    -3.413175344467163,
    -3.374128818511963,
    -2.6034915447235107,
    -4.536275386810303,
    -0.2546875476837158,
    -4.216547012329102,
    -2.6780850887298584,
    -0.8695402145385742,
    -4.178242206573486,
    -1.608801007270813,
    -3.4121971130371094,
    -1.7210943698883057,
    -0.022970199584960938,
    -1.2085613012313843,
    -4.978971004486084,
    -3.952338218688965,
    -5.088107585906982,
    -3.7693238258361816,
    -8.603473663330078,
    -0.28980040550231934,
    -4.7126359939575195,
    -5.878824234008789,
    -2.581021547317505,
    -2.343997001647949,
    -2.9905028343200684
  ],