{
  "n_train": 915,
  "n_test": 229,
  "epochs_run": 71,
  "best_epoch": 56,
  "train_time_s": 154.0,
  "rmse": 0.5755356482769843,
  "mae": 0.40648960078127,
  "r2": 0.9239320183902541,
  "predictions": [
    -0.8648583889007568,
    -6.3296990394592285,
    -4.79802942276001,
    -3.632024049758911,
    -0.2957191467285156,
    -5.484292984008789,
    -0.4386484622955322,
    -4.3980793952941895,
    -3.7203433513641357,
    -2.6215267181396484,
    -1.8531997203826904,
    -1.1474180221557617,
    -3.2396233081817627,
    -3.173755645751953,
    -3.5006418228149414,
    -2.1578445434570312,
    -3.2479002475738525,
    -5.249361991882324,
    -0.9168648719787598,
    -2.170538902282715,
    -3.242518424987793,
    -1.5827451944351196,
    -4.256021022796631,
    -2.4199111461639404,
    1.8643534183502197,
    -1.18901526927948,
    -2.7513437271118164,
    -5.836251258850098,
    -3.9430859088897705,
    -4.520974159240723,
    -1.601395845413208,
    -2.765691041946411,
    -4.143425464630127,
    -1.6348103284835815,
    -2.07616925239563,
    -8.326977729797363,
    -0.4135894775390625,
    -0.823357343673706,
    -2.229823112487793,
    -1.8771220445632935,
    -1.605617880821228,
    -6.986422538757324,
    -2.3120994567871094,
    -1.0361778736114502,
    -2.207195997238159,
    -2.560176134109497,
    -3.5576798915863037,
    -1.6294702291488647,
    0.11447405815124512,
    -1.6542614698410034,
    -3.135354995727539,
    -1.4827325344085693,
    -2.5341601371765137,
    -2.9262804985046387,
    -5.577518463134766,
    -5.966922760009766,
    -5.2990827560424805,
    -3.199666976928711,
    -1.0503058433532715,
    -2.4469125270843506,
    -4.3582305908203125,
    -4.483909606933594,
    -1.0229589939117432,
    -0.8237550258636475,
    -2.3351831436157227,
    -1.772101879119873,
    -1.6809579133987427,
    -7.021525859832764,
    -2.294996738433838,
    -2.435133934020996,
    -5.777210235595703,
    -3.534191846847534,
    -2.626295566558838,
    -5.232504844665527,
    -2.446145534515381,
    -0.3294196128845215,
    -1.0112619400024414,
    -1.6832963228225708,
    -6.161861419677734,
    -5.209909439086914,
    -1.1786668300628662,
    -2.951298952102661,
    -6.407764434814453,
    -2.990063190460205,
    -3.159789562225342,
    -1.4852797985076904,
    -5.293498992919922,
    0.8244516849517822,
    -1.2654999494552612,
    -3.8772997856140137,
    -6.55230712890625,
    -0.5621111392974854,
    -0.8455581665039062,
    -2.559382438659668,
    0.5860130786895752,
    -6.901985168457031,
    -3.7078280448913574,
    -2.3319287300109863,
    -2.6224687099456787,
    -5.8819580078125,
    -3.2585105895996094,
    -4.421710968017578,
    -1.1708307266235352,
    -2.4020466804504395,
    -3.760009765625,
    -9.95991325378418,
    -5.847685813903809,
    -0.9864006042480469,
    -6.776632785797119,
    -3.556966781616211,
    -3.0008182525634766,
    -5.009905815124512,
    -4.903444290161133,
    -4.664734840393066,
    -2.7237038612365723,
    -1.0869033336639404,
    -2.3604211807250977,
    -3.6732146739959717,
    -2.770813226699829,
    0.16759276390075684,
    -1.3158674240112305,
    -2.58233380317688,
    -4.1478681564331055,
    -4.543801307678223,
    -2.626603841781616,
    -3.534404754638672,
    -1.5981227159500122,
    0.6481750011444092,
    -4.063473701477051,
    -4.378965854644775,
    -0.7525889873504639,
    -2.4505176544189453,
    -3.000303030014038,
    -0.907794713973999,
    -2.707249164581299,
    -6.279653549194336,
    -4.986736297607422,
    -1.749106526374817,
    -0.917043924331665,
    -1.6554518938064575,
    -3.259253740310669,
    -3.7271804809570312,
    -3.048764705657959,
    -2.7765674591064453,
    -4.501625061035156,
    -7.1094818115234375,
    -4.682762145996094,
    -4.633577346801758,
    -8.561934471130371,
    -1.6782034635543823,
    -0.9934701919555664,
    -1.4236522912979126,
    0.8916969299316406,
    -3.8955578804016113,
    -7.322962760925293,
    -3.607090473175049,
    -0.33470845222473145,
    -4.937060832977295,
    -0.5065970420837402,
    -4.370367527008057,
    -6.88863468170166,
    -0.18112564086914062,
    -4.321805000305176,
    -2.437310218811035,
    -5.767362594604492,
    -5.062469959259033,
    -4.647786617279053,
    -1.2423638105392456,
    -2.0969884395599365,
    -2.380567789077759,
    -4.862876892089844,
    -0.9542293548583984,
    -0.24491620063781738,
    -3.5320324897766113,
    -1.276740550994873,
    -6.531214714050293,
    -2.522834062576294,
    -1.1962038278579712,
    -4.755868911743164,
    -4.167730331420898,
    -5.319496154785156,
    -2.419689655303955,
    -2.181621789932251,
    -1.1335296630859375,
    -4.735839366912842,
    -4.635188102722168,
    -1.2101227045059204,
    -1.6385631561279297,
    -5.131247520446777,
    -0.7267322540283203,
    -6.510187149047852,
    -3.0142176151275635,
    -1.9492121934890747,
    -1.6200437545776367,
    -2.1560122966766357,
    -2.779139757156372,
    -4.935698509216309,
    -0.3719449043273926,
    0.06085515022277832,
    -1.3635553121566772,
    -5.710180282592773,
    -0.4124331474304199,
    -0.5753071308135986,
    -3.5974302291870117,
    -2.6108193397521973,
    -1.4844375848770142,
    -1.5519442558288574,
    -3.990915298461914,
    -2.1603221893310547,
    -0.5146675109863281,
    -2.565234661102295,
    -2.681037425994873,
    -4.454409599304199,
    -4.8379645347595215,
    -5.394690036773682,
    -2.3682100772857666,
    -4.513340950012207,
    -3.3543832302093506,
    -2.64324688911438,
    -3.0374414920806885,
    -2.599907159805298,
    -0.5344722270965576,
    -7.00570011138916,
    -0.7308371067047119,
    0.7278001308441162,
    -0.989342212677002,
    0.01653885841369629,
    -5.133123397827148,
    -1.2980672121047974
  ],