{
  "n_train": 721,
  "n_test": 226,
  "target_column": "target",
  "epochs_run": 73,
  "best_epoch": 58,
  "train_time_s": 35.8,
  "rmse": 0.6319317306453431,
  "mae": 0.48479952643402907,
  "r2": 0.9155163359553294,
  "predictions": [
    -2.1503000259399414,
    -1.5974823236465454,
    -2.091811180114746,
    -2.25724458694458,
    -7.11701774597168,
    -1.3502612113952637,
    -3.700922727584839,
    -1.8662464618682861,
    -8.386792182922363,
    -2.4490551948547363,
    -4.26039457321167,
    -0.08965635299682617,
    -3.1374268531799316,
    -2.1296658515930176,
    -2.600957155227661,
    -0.636620044708252,
    -2.0038514137268066,
    -8.657540321350098,
    -3.2856953144073486,
    -3.58620548248291,
    -1.3163158893585205,
    -6.6803436279296875,
    0.8599660396575928,
    -1.986480474472046,
    -1.6382806301116943,
    -7.550590515136719,
    -0.5598437786102295,
    -0.500734806060791,
    -1.1285474300384521,
    -1.6675477027893066,
    -1.321265459060669,
    -6.743544578552246,
    -3.2232117652893066,
    -1.7154887914657593,
    -2.3595433235168457,
    -1.6941649913787842,
    -3.721956253051758,
    -0.2695345878601074,
    -4.571784496307373,
    -6.657537460327148,
    -1.231949806213379,
    -7.018078804016113,
    -4.490094184875488,
    -5.732316017150879,
    -7.973459243774414,
    -5.125333786010742,
    -4.056457996368408,
    -3.0024633407592773,
    -4.775129318237305,
    -6.574808120727539,
    -4.467159271240234,
    -8.505088806152344,
    -1.6751751899719238,
    -2.5374505519866943,
    -0.6318824291229248,
    -3.917050838470459,
    -2.3354551792144775,
    -4.27848482131958,
    -2.9343550205230713,
    -6.387038230895996,
    -2.6990532875061035,
    -2.374011278152466,
    -0.09368085861206055,
    -5.319441795349121,
    -3.7982635498046875,
    -1.5420944690704346,
    -2.106710910797119,
    -6.931613922119141,
    -2.002892017364502,
    -3.012777090072632,
    -0.11259913444519043,
    0.5244965553283691,
    -2.0058412551879883,
    -5.549700736999512,
    -2.1237850189208984,
    -0.22379851341247559,
    -1.4210561513900757,
    -4.024832248687744,
    -3.9654951095581055,
    -6.69683837890625,
    -4.416269302368164,
    -1.3211936950683594,
    -2.537332773208618,
    -3.2983884811401367,
    -4.596766471862793,
    -0.9402327537536621,
    -2.2430784702301025,
    -0.30098700523376465,
    -5.915865898132324,
    -0.5346500873565674,
    -2.074237823486328,
    -4.099925994873047,
    -4.260366439819336,
    -0.6380491256713867,
    -1.3593939542770386,
    -4.744388580322266,
    -1.2711145877838135,
    -0.06125926971435547,
    -2.1227149963378906,
    0.19780373573303223,
    -1.7125053405761719,
    -3.2497828006744385,
    -6.3983378410339355,
    -3.0947020053863525,
    -1.4554635286331177,
    -3.715496778488159,
    -0.6416506767272949,
    -0.5635402202606201,
    -5.038315773010254,
    -6.971715927124023,
    -8.249373435974121,
    -0.9663434028625488,
    -2.432377815246582,
    -2.3856964111328125,
    -1.1281059980392456,
    -0.17312383651733398,
    -1.4496268033981323,
    -1.7586655616760254,
    -1.0886366367340088,
    -2.7047014236450195,
    -2.471209764480591,
    -5.248000144958496,
    -2.646834373474121,
    -1.841367483139038,
    -2.3701531887054443,
    -3.5903820991516113,
    -2.2304043769836426,
    -5.201706886291504,
    -0.15340375900268555,
    -1.2305736541748047,
    -1.098207950592041,
    -2.2695248126983643,
    -1.5972905158996582,
    -2.8077189922332764,
    -1.9863965511322021,
    -2.522725820541382,
    -2.730119466781616,
    -1.2542237043380737,
    -5.022834777832031,
    -3.656223773956299,
    -4.627226829528809,
    -5.363248348236084,
    -4.056196689605713,
    -3.4805729389190674,
    -1.9586979150772095,
    -2.7263572216033936,
    -1.177693247795105,
    -1.5043275356292725,
    0.5077755451202393,
    -3.714754581451416,
    0.04464840888977051,
    -0.8065042495727539,
    -4.395611763000488,
    -1.3915674686431885,
    -2.6614861488342285,
    -3.7616477012634277,
    -7.701718330383301,
    -2.9420950412750244,
    -2.339219331741333,
    -8.831276893615723,
    -2.161872386932373,
    -2.884209156036377,
    0.12939906120300293,
    -2.0058412551879883,
    -4.649080276489258,
    -3.390580654144287,
    -1.5427049398422241,
    -1.7088193893432617,
    -0.7573413848876953,
    -1.5865657329559326,
    -1.653275728225708,
    -3.224756956100464,
    -0.9044492244720459,
    -4.604269027709961,
    -7.501626968383789,
    -3.8804428577423096,
    -3.225247621536255,
    -4.329080581665039,
    -3.4360339641571045,
    -7.630044937133789,
    -3.4578678607940674,
    -7.894899368286133,
    0.3149893283843994,
    -1.429266333580017,
    -2.1342287063598633,
    -3.728262186050415,
    -0.5808329582214355,
    -3.2092788219451904,
    -8.20001220703125,
    -2.8603830337524414,
    -1.0410327911376953,
    -5.518366813659668,
    -0.574002742767334,
    -4.20616340637207,
    -3.9603869915008545,
    -0.8270449638366699,
    -4.286785125732422,
    -7.516918182373047,
    0.1071312427520752,
    -3.899700403213501,
    -0.08830571174621582,
    -3.457592487335205,
    -3.608837842941284,
    -2.3140738010406494,
    -3.881493091583252,
    -0.07164955139160156,
    -4.401020050048828,
    -2.3117518424987793,
    -0.9393703937530518,
    -3.86373233795166,
    -1.9561070203781128,
    -3.4791135787963867,
    -1.650255799293518,
    -0.22643470764160156,
    -1.0982565879821777,
    -5.363707065582275,
    -3.736358404159546,
    -4.690874099731445,
    -3.833625078201294,
    -8.503117561340332,
    -0.10455012321472168,
    -4.682801723480225,
    -6.482386589050293,
    -2.584812879562378,
    -1.791591763496399,
    -2.610243797302246
  ],