{
  "n_train": 732,
  "n_test": 229,
  "epochs_run": 92,
  "best_epoch": 77,
  "train_time_s": 177.9,
  "rmse": 0.5955301762008858,
  "mae": 0.42846693534517916,
  "r2": 0.9185548878171409,
  "predictions": [
    -0.8020505905151367,
    -6.301510810852051,
    -4.563203811645508,
    -3.524941921234131,
    -0.5539729595184326,
    -5.322103500366211,
    -0.4689650535583496,
    -4.454184532165527,
    -3.852328300476074,
    -2.4616923332214355,
    -1.659920573234558,
    -1.1163500547409058,
    -3.4690380096435547,
    -3.3411550521850586,
    -4.06854772567749,
    -2.2386043071746826,
    -3.281069278717041,
    -5.405426979064941,
    -0.7899458408355713,
    -1.7185696363449097,
    -3.3980154991149902,
    -1.3403360843658447,
    -4.572698593139648,
    -2.4222702980041504,
    1.5237922668457031,
    -0.927861213684082,
    -2.9074347019195557,
    -5.794153690338135,
    -3.5735831260681152,
    -3.7015380859375,
    -1.523924469947815,
    -2.653050184249878,
    -3.9736599922180176,
    -1.6474270820617676,
    -1.9039748907089233,
    -8.391899108886719,
    -0.41733670234680176,
    -0.6143200397491455,
    -2.0022172927856445,
    -1.9956417083740234,
    -1.6362156867980957,
    -7.1933465003967285,
    -2.249394416809082,
    -0.9949626922607422,
    -1.7201191186904907,
    -2.5544981956481934,
    -3.9297399520874023,
    -1.6283811330795288,
    -0.07047796249389648,
    -1.7495077848434448,
    -3.4880545139312744,
    -1.9689947366714478,
    -2.478238582611084,
    -3.1353890895843506,
    -5.398165702819824,
    -6.265535354614258,
    -5.224520206451416,
    -3.154576301574707,
    -1.0928127765655518,
    -2.345393419265747,
    -4.438206672668457,
    -4.628894805908203,
    -1.0149850845336914,
    -0.8580057621002197,
    -2.3956427574157715,
    -1.7848961353302002,
    -1.6223642826080322,
    -7.25687313079834,
    -2.0530738830566406,
    -2.3536880016326904,
    -5.918154716491699,
    -3.791666030883789,
    -2.879336357116699,
    -5.0989179611206055,
    -2.4182276725769043,
    -0.2689046859741211,
    -0.8439168930053711,
    -1.4340537786483765,
    -6.4403252601623535,
    -5.298290252685547,
    -1.3729063272476196,
    -3.5983505249023438,
    -6.2252373695373535,
    -2.3672845363616943,
    -3.1382150650024414,
    -1.4137250185012817,
    -5.689883232116699,
    0.7370896339416504,
    -2.7252187728881836,
    -3.679502010345459,
    -6.78948974609375,
    -0.6245450973510742,
    -0.9358296394348145,
    -2.971534252166748,
    0.7150125503540039,
    -7.051177978515625,
    -3.7241218090057373,
    -2.23998761177063,
    -2.6703884601593018,
    -5.967105865478516,
    -3.1649301052093506,
    -4.4331746101379395,
    -1.2539392709732056,
    -2.196030855178833,
    -3.9432942867279053,
    -9.90512752532959,
    -5.956575393676758,
    -1.0287599563598633,
    -6.781550407409668,
    -3.3902134895324707,
    -2.39711594581604,
    -4.428505897521973,
    -5.007804870605469,
    -5.709887981414795,
    -2.700650691986084,
    -1.080237865447998,
    -2.521529197692871,
    -3.466935873031616,
    -2.407230854034424,
    0.002607583999633789,
    -1.8140130043029785,
    -2.6431870460510254,
    -4.059305191040039,
    -5.044589996337891,
    -2.474271059036255,
    -3.6592206954956055,
    -1.7047184705734253,
    0.7039694786071777,
    -3.8220646381378174,
    -4.4890666007995605,
    -0.8066456317901611,
    -2.3096113204956055,
    -3.115539073944092,
    -0.8004610538482666,
    -3.162479877471924,
    -6.2213134765625,
    -4.7686004638671875,
    -1.7661988735198975,
    -0.8666830062866211,
    -1.8798192739486694,
    -3.3307712078094482,
    -3.4128620624542236,
    -2.8457741737365723,
    -2.4509739875793457,
    -4.620806694030762,
    -7.496330738067627,
    -4.6785173416137695,
    -4.651257514953613,
    -8.799529075622559,
    -1.662366509437561,
    -0.7535808086395264,
    -1.4741261005401611,
    0.8432164192199707,
    -3.9570717811584473,
    -7.6668701171875,
    -2.8720548152923584,
    0.301865816116333,
    -5.049453258514404,
    -0.49233150482177734,
    -3.89018177986145,
    -6.960620880126953,
    -0.15338730812072754,
    -4.256591796875,
    -2.547130584716797,
    -5.295798301696777,
    -4.968033313751221,
    -4.825591564178467,
    -1.1668102741241455,
    -1.985271692276001,
    -2.3307688236236572,
    -4.746341228485107,
    -0.9487662315368652,
    -0.4919271469116211,
    -3.2935612201690674,
    -1.280692219734192,
    -6.305413722991943,
    -2.531245708465576,
    -1.5313116312026978,
    -4.66652774810791,
    -4.2721943855285645,
    -5.538384437561035,
    -2.3173751831054688,
    -2.101226329803467,
    -1.087113618850708,
    -4.857264995574951,
    -4.846545696258545,
    -0.9413113594055176,
    -1.9859812259674072,
    -4.824439525604248,
    -0.7372024059295654,
    -6.511661052703857,
    -3.506739616394043,
    -2.11901593208313,
    -1.7035722732543945,
    -2.229360580444336,
    -2.360672950744629,
    -4.5129804611206055,
    -0.3008139133453369,
    -0.0335993766784668,
    -1.2510464191436768,
    -5.99129581451416,
    -0.5937352180480957,
    -0.47751736640930176,
    -3.528441905975342,
    -2.6813738346099854,
    -1.4420117139816284,
    -0.9778430461883545,
    -3.96250057220459,
    -2.341862678527832,
    -0.4493527412414551,
    -2.2519869804382324,
    -2.592482089996338,
    -4.8530049324035645,
    -4.956175804138184,
    -5.531982421875,
    -2.2937116622924805,
    -4.619441986083984,
    -3.283332109451294,
    -2.539638042449951,
    -3.3262674808502197,
    -2.4688618183135986,
    -0.7106649875640869,
    -7.0109453201293945,
    -0.803551435470581,
    0.7258942127227783,
    -0.9292232990264893,
    -0.6023025512695312,
    -4.588186264038086,
    -1.29062819480896
  ],