{
  "n_train": 451,
  "n_test": 226,
  "target_column": "target",
  "epochs_run": 39,
  "best_epoch": 24,
  "train_time_s": 13.0,
  "rmse": 0.7749040063598639,
  "mae": 0.581299151467011,
  "r2": 0.8729635780989798,
  "predictions": [
    -2.30954909324646,
    -1.9408540725708008,
    -2.5648255348205566,
    -2.227875232696533,
    -6.653876304626465,
    -1.557448387145996,
    -4.59835147857666,
    -1.340728998184204,
    -8.168724060058594,
    -2.338935136795044,
    -4.117230415344238,
    -0.5883152484893799,
    -2.797999858856201,
    -2.130685806274414,
    -2.1555533409118652,
    -0.32877659797668457,
    -3.0083746910095215,
    -7.31714391708374,
    -3.380767822265625,
    -3.4871957302093506,
    -1.1746376752853394,
    -4.645021438598633,
    0.7079858779907227,
    -2.0326004028320312,
    -1.115243911743164,
    -7.360224723815918,
    -0.3224637508392334,
    -0.17111659049987793,
    -1.0138309001922607,
    -1.7773467302322388,
    -1.5253589153289795,
    -5.620600700378418,
    -3.1993231773376465,
    -1.3693863153457642,
    -2.0462074279785156,
    -3.337951183319092,
    -3.7675533294677734,
    -0.21503233909606934,
    -3.4997708797454834,
    -6.047252655029297,
    -1.1160613298416138,
    -6.752756118774414,
    -4.176354885101318,
    -5.682645797729492,
    -7.1206865310668945,
    -4.020420074462891,
    -4.245416641235352,
    -3.166384220123291,
    -3.731403112411499,
    -6.210351943969727,
    -4.197798728942871,
    -7.07636833190918,
    -1.5543062686920166,
    -2.269754409790039,
    -1.0854570865631104,
    -3.4737236499786377,
    -1.887171983718872,
    -3.223571300506592,
    -3.7934060096740723,
    -6.3817949295043945,
    -2.392070770263672,
    -2.4543380737304688,
    0.12619757652282715,
    -5.597927093505859,
    -3.1497368812561035,
    -1.795636534690857,
    -2.810537338256836,
    -6.283733367919922,
    -2.643967866897583,
    -2.914119243621826,
    -0.5108315944671631,
    0.23024702072143555,
    -1.817846417427063,
    -5.5024003982543945,
    -1.7277227640151978,
    -0.4228019714355469,
    -2.0616705417633057,
    -3.4193029403686523,
    -4.155258655548096,
    -6.233189105987549,
    -4.390014171600342,
    -1.2616010904312134,
    -3.2045822143554688,
    -3.4238855838775635,
    -4.755430221557617,
    -1.1216342449188232,
    -2.0076470375061035,
    -0.5964701175689697,
    -5.742162704467773,
    -0.37058496475219727,
    -1.5073949098587036,
    -4.169626235961914,
    -4.0474677085876465,
    -0.9178562164306641,
    -1.5153825283050537,
    -4.848269462585449,
    -1.525592565536499,
    -0.7646546363830566,
    -2.5421855449676514,
    0.12813401222229004,
    -1.9678728580474854,
    -3.6774609088897705,
    -5.017807483673096,
    -2.806832790374756,
    -1.465043067932129,
    -3.6879005432128906,
    -1.2636128664016724,
    -1.0090687274932861,
    -3.9542737007141113,
    -6.103191375732422,
    -6.8086347579956055,
    -1.5032833814620972,
    -2.499070167541504,
    -2.8800225257873535,
    -0.9040126800537109,
    -0.7639822959899902,
    -0.9879484176635742,
    -0.6693260669708252,
    -1.6934126615524292,
    -2.390610694885254,
    -2.4827916622161865,
    -4.732036590576172,
    -3.909310817718506,
    -1.9402456283569336,
    -2.9886250495910645,
    -3.394717216491699,
    -2.2335197925567627,
    -5.026863098144531,
    -0.5234231948852539,
    -1.1430689096450806,
    -1.1239604949951172,
    -2.4163427352905273,
    -1.5162080526351929,
    -2.398454427719116,
    -1.9764940738677979,
    -2.1485424041748047,
    -1.2168972492218018,
    -1.8648537397384644,
    -4.201828956604004,
    -4.934206008911133,
    -3.7970945835113525,
    -4.387863636016846,
    -3.7740635871887207,
    -3.5270285606384277,
    -2.645071029663086,
    -2.4224517345428467,
    -0.6276218891143799,
    -2.300313949584961,
    -0.9076923131942749,
    -3.2177720069885254,
    -0.30508947372436523,
    -0.8160133361816406,
    -3.9898390769958496,
    -1.5221086740493774,
    -2.233534812927246,
    -4.043870449066162,
    -7.064048767089844,
    -3.004812002182007,
    -2.4004533290863037,
    -8.024787902832031,
    -1.6901419162750244,
    -2.7848994731903076,
    -0.9950193166732788,
    -1.8178461790084839,
    -3.9813127517700195,
    -3.0035345554351807,
    -1.3816447257995605,
    -1.5672906637191772,
    -1.275497317314148,
    -1.4329670667648315,
    -1.6159191131591797,
    -2.8329057693481445,
    -1.4993112087249756,
    -3.8147048950195312,
    -6.966007232666016,
    -3.9504337310791016,
    -3.559532403945923,
    -4.584989547729492,
    -4.006255149841309,
    -6.543370246887207,
    -2.676058292388916,
    -7.749162673950195,
    0.12836122512817383,
    -1.4609098434448242,
    -1.770878553390503,
    -3.8555445671081543,
    -0.7291271686553955,
    -2.916794538497925,
    -6.178035259246826,
    -2.660194158554077,
    -0.7831165790557861,
    -4.515887260437012,
    -0.3288915157318115,
    -3.3734700679779053,
    -3.2062089443206787,
    -0.31427669525146484,
    -3.697786331176758,
    -5.707734107971191,
    0.1087348461151123,
    -3.315349578857422,
    -0.26223015785217285,
    -3.189242362976074,
    -3.310466766357422,
    -3.0415565967559814,
    -3.5989346504211426,
    -0.20534968376159668,
    -3.539371967315674,
    -2.3852200508117676,
    -0.5672829151153564,
    -3.2905006408691406,
    -1.3471466302871704,
    -3.264456033706665,
    -2.1026082038879395,
    -0.3629574775695801,
    -1.0732847452163696,
    -4.662120342254639,
    -2.7283785343170166,
    -5.658837795257568,
    -3.490039587020874,
    -8.087323188781738,
    -0.48088550567626953,
    -4.057429313659668,
    -5.51063346862793,
    -2.3941380977630615,
    -2.175419569015503,
    -3.1443021297454834
  ],