{
  "n_train": 451,
  "n_test": 226,
  "target_column": "target",
  "epochs_run": 76,
  "best_epoch": 61,
  "train_time_s": 25.6,
  "rmse": 0.7246114196845022,
  "mae": 0.540171779889976,
  "r2": 0.8889182306672225,
  "predictions": [
    -2.815096378326416,
    -2.2187252044677734,
    -2.476511001586914,
    -2.6708247661590576,
    -6.456883430480957,
    -1.6353449821472168,
    -4.441784858703613,
    -1.4561899900436401,
    -8.361625671386719,
    -2.1373257637023926,
    -4.680333137512207,
    -0.3978278636932373,
    -4.263904571533203,
    -2.309600830078125,
    -2.2496650218963623,
    -0.27242469787597656,
    -2.614074230194092,
    -8.10787582397461,
    -3.082721471786499,
    -3.6322007179260254,
    -1.7897125482559204,
    -5.752543926239014,
    0.4174191951751709,
    -1.30281662940979,
    -1.2490427494049072,
    -7.4048895835876465,
    -0.46767306327819824,
    -0.33451056480407715,
    -1.6392910480499268,
    -1.9303944110870361,
    -1.7099968194961548,
    -6.006842136383057,
    -3.8317041397094727,
    -1.6449207067489624,
    -2.439786434173584,
    -2.4495108127593994,
    -4.272138595581055,
    -0.26075243949890137,
    -4.216311454772949,
    -6.065587043762207,
    -1.3046096563339233,
    -7.04604434967041,
    -4.620787143707275,
    -6.087991237640381,
    -7.366170883178711,
    -5.006490707397461,
    -4.734358310699463,
    -3.2800638675689697,
    -4.8872528076171875,
    -6.423093795776367,
    -5.009195327758789,
    -7.309787750244141,
    -1.911954641342163,
    -2.304205894470215,
    -1.0397686958312988,
    -3.8515310287475586,
    -2.045414686203003,
    -3.6900649070739746,
    -3.8173828125,
    -6.522880554199219,
    -2.530550003051758,
    -2.5945606231689453,
    0.03297877311706543,
    -6.021228790283203,
    -3.468938112258911,
    -2.2038187980651855,
    -3.0448222160339355,
    -6.590672492980957,
    -2.5102367401123047,
    -3.299326181411743,
    -0.34273648262023926,
    0.39930295944213867,
    -1.7552521228790283,
    -6.266387462615967,
    -2.05904221534729,
    -0.09776878356933594,
    -1.8252089023590088,
    -3.5109262466430664,
    -4.382442474365234,
    -6.27495002746582,
    -4.671114921569824,
    -1.500841498374939,
    -3.354991912841797,
    -3.142061233520508,
    -5.082354545593262,
    -1.0388343334197998,
    -2.2856011390686035,
    0.13962984085083008,
    -6.107965469360352,
    -0.23116564750671387,
    -2.7705299854278564,
    -4.01161003112793,
    -4.430563926696777,
    -1.1467221975326538,
    -1.1858388185501099,
    -3.924161672592163,
    -1.3811838626861572,
    -0.4547722339630127,
    -2.763308525085449,
    -0.7194678783416748,
    -1.8864798545837402,
    -4.214118003845215,
    -5.6966352462768555,
    -3.4645185470581055,
    -1.6484099626541138,
    -4.279670715332031,
    -0.9129383563995361,
    -0.7396502494812012,
    -4.339658737182617,
    -6.6891984939575195,
    -6.989590644836426,
    -0.8457520008087158,
    -2.5005507469177246,
    -3.2756688594818115,
    -1.2621809244155884,
    -0.4841790199279785,
    -0.6049582958221436,
    -0.9995157718658447,
    -1.3790078163146973,
    -2.604901075363159,
    -2.6374881267547607,
    -4.879153251647949,
    -3.8190758228302,
    -2.0467214584350586,
    -3.239717721939087,
    -3.6680517196655273,
    -2.562067985534668,
    -5.035952568054199,
    -0.3744208812713623,
    -1.2848422527313232,
    -0.8912928104400635,
    -2.7765920162200928,
    -1.0106890201568604,
    -3.3788015842437744,
    -2.224371910095215,
    -2.473740339279175,
    -1.9264439344406128,
    -1.4207669496536255,
    -4.611770153045654,
    -4.164450645446777,
    -4.254385948181152,
    -4.71037483215332,
    -4.288005828857422,
    -3.853807210922241,
    -2.7163705825805664,
    -3.115385055541992,
    -0.40239500999450684,
    -2.464402914047241,
    -0.017822980880737305,
    -3.5819520950317383,
    -0.1716468334197998,
    -0.759652853012085,
    -4.230931282043457,
    -1.7347356081008911,
    -2.6358909606933594,
    -3.8175528049468994,
    -7.220439434051514,
    -3.3860816955566406,
    -2.5656771659851074,
    -8.439104080200195,
    -1.7542542219161987,
    -2.9862442016601562,
    -1.0915111303329468,
    -1.7552520036697388,
    -4.736602783203125,
    -3.2999653816223145,
    -1.390106201171875,
    -1.9097479581832886,
    -1.014107346534729,
    -1.8228330612182617,
    -1.799446940422058,
    -3.8931801319122314,
    -1.1060770750045776,
    -4.356939792633057,
    -6.860082626342773,
    -3.4670183658599854,
    -3.969574451446533,
    -4.925614356994629,
    -4.150619983673096,
    -6.899720191955566,
    -3.4965105056762695,
    -7.822073459625244,
    0.14796948432922363,
    -1.2012856006622314,
    -2.403430700302124,
    -3.673970937728882,
    -0.7693290710449219,
    -3.214352607727051,
    -6.619411468505859,
    -2.712291955947876,
    -0.287395715713501,
    -5.710580348968506,
    -0.3387634754180908,
    -3.8543577194213867,
    -3.5508151054382324,
    -0.3750176429748535,
    -4.52463960647583,
    -6.269314765930176,
    0.21044135093688965,
    -4.002485752105713,
    -0.10525107383728027,
    -3.2208292484283447,
    -3.6387412548065186,
    -2.906172752380371,
    -4.459188461303711,
    0.2963430881500244,
    -4.19322395324707,
    -2.905881404876709,
    -0.4752068519592285,
    -3.991436004638672,
    -1.7204904556274414,
    -3.0152225494384766,
    -2.2105391025543213,
    -0.2235562801361084,
    -1.0207912921905518,
    -4.676883697509766,
    -3.6445693969726562,
    -4.904304504394531,
    -3.443168878555298,
    -8.248908996582031,
    -0.0713963508605957,
    -4.510471343994141,
    -6.863246917724609,
    -2.748162031173706,
    -2.540201187133789,
    -2.819068431854248
  ],