{
  "n_train": 721,
  "n_test": 226,
  "target_column": "target",
  "epochs_run": 90,
  "best_epoch": 75,
  "train_time_s": 45.0,
  "rmse": 0.6002149329936357,
  "mae": 0.4568712173310001,
  "r2": 0.92378402534613,
  "predictions": [
    -2.370077610015869,
    -1.8566066026687622,
    -2.4038472175598145,
    -1.8489278554916382,
    -6.75717306137085,
    -1.0509445667266846,
    -3.5914223194122314,
    -1.5943846702575684,
    -8.231302261352539,
    -2.4364633560180664,
    -4.515077114105225,
    -0.25452113151550293,
    -3.126150608062744,
    -2.0655436515808105,
    -2.5350089073181152,
    -0.5867195129394531,
    -2.0902721881866455,
    -9.607748031616211,
    -3.179809808731079,
    -3.5903782844543457,
    -1.28402578830719,
    -6.222737789154053,
    0.8278305530548096,
    -1.5898722410202026,
    -1.6211788654327393,
    -7.337291717529297,
    -0.5086584091186523,
    -0.5267548561096191,
    -1.3585107326507568,
    -1.511253833770752,
    -1.4455244541168213,
    -6.290775299072266,
    -3.616025924682617,
    -1.7766050100326538,
    -2.3622512817382812,
    -1.8937618732452393,
    -3.942673683166504,
    -0.2089090347290039,
    -4.658196926116943,
    -6.7376708984375,
    -1.2913259267807007,
    -7.065670967102051,
    -4.655030250549316,
    -5.964990139007568,
    -7.331489562988281,
    -5.033354759216309,
    -3.7763805389404297,
    -3.3808951377868652,
    -5.061244964599609,
    -6.485088348388672,
    -4.78742790222168,
    -7.958234786987305,
    -1.666369080543518,
    -2.4022624492645264,
    -0.8689746856689453,
    -3.715712070465088,
    -2.0574941635131836,
    -4.20178747177124,
    -3.1396431922912598,
    -6.324220657348633,
    -2.7900805473327637,
    -2.3551273345947266,
    -0.2246401309967041,
    -5.46353006362915,
    -3.6673293113708496,
    -1.6058605909347534,
    -2.340052843093872,
    -6.453587055206299,
    -2.376314401626587,
    -2.6175103187561035,
    -0.24917292594909668,
    0.8859615325927734,
    -2.0716686248779297,
    -4.96462869644165,
    -2.4168667793273926,
    -0.15219521522521973,
    -1.581678032875061,
    -3.727576971054077,
    -4.3792877197265625,
    -6.51967191696167,
    -4.1265740394592285,
    -1.4679218530654907,
    -2.970106363296509,
    -3.5736196041107178,
    -4.733241081237793,
    -0.9825403690338135,
    -2.3139030933380127,
    -0.7155876159667969,
    -5.819019317626953,
    -0.16542577743530273,
    -1.8809826374053955,
    -3.9187636375427246,
    -4.504881858825684,
    -0.6599502563476562,
    -1.2800730466842651,
    -4.354054927825928,
    -1.1146258115768433,
    -0.03612399101257324,
    -1.9718694686889648,
    0.29953789710998535,
    -1.768791913986206,
    -3.1060073375701904,
    -6.009106636047363,
    -3.169004201889038,
    -1.409712553024292,
    -3.670973062515259,
    -0.35381507873535156,
    -0.5855309963226318,
    -4.917699813842773,
    -6.458057403564453,
    -7.742522239685059,
    -1.0841989517211914,
    -2.2465598583221436,
    -2.683568000793457,
    -1.013235092163086,
    -0.15922260284423828,
    -0.98862624168396,
    -1.5299866199493408,
    -1.0622458457946777,
    -2.7294764518737793,
    -2.332740306854248,
    -5.232171058654785,
    -3.0221753120422363,
    -2.0503475666046143,
    -2.1238512992858887,
    -3.802581310272217,
    -2.0785529613494873,
    -4.719301223754883,
    -0.06973123550415039,
    -1.0714232921600342,
    -0.790351390838623,
    -2.3976247310638428,
    -1.3437522649765015,
    -2.6332342624664307,
    -1.9050546884536743,
    -2.713240385055542,
    -2.8940608501434326,
    -0.8007509708404541,
    -4.753037452697754,
    -3.8870887756347656,
    -4.645665168762207,
    -5.281625747680664,
    -3.8766705989837646,
    -3.504741668701172,
    -2.345494031906128,
    -2.8681938648223877,
    -1.3632862567901611,
    -1.8353239297866821,
    0.017885923385620117,
    -3.2942450046539307,
    0.05924415588378906,
    -0.7757863998413086,
    -4.156801700592041,
    -1.3937718868255615,
    -2.1538891792297363,
    -3.5720903873443604,
    -7.130860328674316,
    -3.0535449981689453,
    -2.4927914142608643,
    -8.3594331741333,
    -1.987900972366333,
    -2.787322759628296,
    -0.048864126205444336,
    -2.071668863296509,
    -4.651356220245361,
    -3.126889705657959,
    -1.6283974647521973,
    -1.5588451623916626,
    -0.03551650047302246,
    -1.6223206520080566,
    -1.6888983249664307,
    -3.4981720447540283,
    -0.8096270561218262,
    -4.763633728027344,
    -7.131521224975586,
    -3.652754306793213,
    -3.345397472381592,
    -4.218703269958496,
    -3.6453874111175537,
    -7.304180145263672,
    -3.034754991531372,
    -7.713956832885742,
    0.3804666996002197,
    -1.4143377542495728,
    -1.9515411853790283,
    -3.334664821624756,
    -0.5143334865570068,
    -3.1373023986816406,
    -7.746764183044434,
    -2.7871711254119873,
    -0.5947265625,
    -5.479852676391602,
    -0.5376858711242676,
    -3.6230428218841553,
    -3.6176741123199463,
    -0.8561007976531982,
    -3.93341064453125,
    -7.205577850341797,
    0.023374080657958984,
    -4.080976486206055,
    -0.226639986038208,
    -3.850412368774414,
    -3.228567123413086,
    -2.472778558731079,
    -4.17804479598999,
    -0.12961554527282715,
    -4.256792068481445,
    -2.4904730319976807,
    -0.8821611404418945,
    -3.9397199153900146,
    -1.666968822479248,
    -3.3332631587982178,
    -1.429866075515747,
    0.3442668914794922,
    -0.993610143661499,
    -5.386974334716797,
    -3.8286938667297363,
    -5.04718017578125,
    -3.6209044456481934,
    -7.994394302368164,
    -0.02813243865966797,
    -4.1696038246154785,
    -5.925975799560547,
    -2.603909492492676,
    -2.052595376968384,
    -2.621861696243286
  ],