{
  "n_train": 915,
  "n_test": 229,
  "epochs_run": 67,
  "best_epoch": 52,
  "train_time_s": 119.8,
  "rmse": 0.6008562617948777,
  "mae": 0.4285291881019892,
  "r2": 0.9170915838840611,
  "predictions": [
    -0.8628599643707275,
    -6.301649570465088,
    -4.710344314575195,
    -3.6582770347595215,
    -0.6853549480438232,
    -5.597551345825195,
    -0.7112622261047363,
    -4.295509338378906,
    -3.576042890548706,
    -2.5659496784210205,
    -1.9844892024993896,
    -1.4673010110855103,
    -3.160875082015991,
    -3.0777194499969482,
    -3.4184677600860596,
    -2.3928747177124023,
    -3.2379541397094727,
    -5.815469741821289,
    -0.7374057769775391,
    -2.4449071884155273,
    -3.1661977767944336,
    -1.6210893392562866,
    -4.090291976928711,
    -2.231812000274658,
    1.2258636951446533,
    -1.0293428897857666,
    -2.611541271209717,
    -5.781414985656738,
    -3.780933141708374,
    -3.6480979919433594,
    -1.4992731809616089,
    -2.963803291320801,
    -4.042490005493164,
    -1.617405891418457,
    -1.882096529006958,
    -8.106643676757812,
    -0.5733194351196289,
    -0.8701317310333252,
    -2.2199149131774902,
    -1.7939388751983643,
    -1.4912763833999634,
    -6.997370719909668,
    -2.825906276702881,
    -1.1204122304916382,
    -2.327146530151367,
    -2.4690871238708496,
    -4.302045822143555,
    -1.8215267658233643,
    -0.06977272033691406,
    -1.6713589429855347,
    -3.1900887489318848,
    -1.503077745437622,
    -2.410337209701538,
    -3.3110713958740234,
    -5.833562850952148,
    -6.027923583984375,
    -5.6292619705200195,
    -3.1867146492004395,
    -1.3611174821853638,
    -2.36722469329834,
    -4.216578960418701,
    -3.9838128089904785,
    -1.1470065116882324,
    -0.8527202606201172,
    -2.473285436630249,
    -1.8875529766082764,
    -1.7339589595794678,
    -7.223219871520996,
    -2.560059070587158,
    -2.4324822425842285,
    -5.638409614562988,
    -3.7059760093688965,
    -2.881892681121826,
    -4.979949474334717,
    -2.549454689025879,
    -0.43529796600341797,
    -0.9457113742828369,
    -1.6917295455932617,
    -5.935646057128906,
    -5.77604866027832,
    -1.6667066812515259,
    -3.476985216140747,
    -6.100151538848877,
    -3.1578967571258545,
    -3.3958284854888916,
    -1.5149022340774536,
    -4.956974983215332,
    0.7857763767242432,
    -1.7275714874267578,
    -3.816148281097412,
    -6.463266372680664,
    -0.489454984664917,
    -0.6514077186584473,
    -2.712644577026367,
    0.6076207160949707,
    -6.900083541870117,
    -3.9864654541015625,
    -2.135823965072632,
    -2.3991737365722656,
    -6.068961143493652,
    -3.5190577507019043,
    -4.15801477432251,
    -1.5227978229522705,
    -2.551025390625,
    -4.012068271636963,
    -9.892692565917969,
    -5.9344868659973145,
    -1.5152060985565186,
    -6.713233947753906,
    -3.023397445678711,
    -2.789217472076416,
    -4.780986785888672,
    -4.920416355133057,
    -4.8021063804626465,
    -2.748430013656616,
    -1.1935325860977173,
    -2.4241886138916016,
    -3.6106972694396973,
    -2.996609926223755,
    -0.0217440128326416,
    -1.6178337335586548,
    -2.4434447288513184,
    -3.969189167022705,
    -4.5366926193237305,
    -2.782930612564087,
    -3.886641502380371,
    -1.428025245666504,
    0.4382948875427246,
    -4.119704246520996,
    -4.419022560119629,
    -0.8021314144134521,
    -2.441554307937622,
    -3.1652772426605225,
    -1.1756513118743896,
    -2.7370853424072266,
    -6.246518135070801,
    -4.7874979972839355,
    -1.6968398094177246,
    -0.8756721019744873,
    -1.7869740724563599,
    -3.5954294204711914,
    -3.7919704914093018,
    -2.7035367488861084,
    -2.55216383934021,
    -4.636073589324951,
    -7.245603561401367,
    -4.372554779052734,
    -4.104703426361084,
    -8.605951309204102,
    -1.8074477910995483,
    -1.0946261882781982,
    -1.5041426420211792,
    0.6520862579345703,
    -3.620163679122925,
    -7.428285598754883,
    -3.700773239135742,
    -0.3215453624725342,
    -5.280284881591797,
    -0.7584881782531738,
    -3.950676679611206,
    -6.882352828979492,
    -0.15470337867736816,
    -4.078142166137695,
    -2.7005367279052734,
    -5.751118183135986,
    -5.322089195251465,
    -4.485187530517578,
    -1.2476803064346313,
    -1.9218575954437256,
    -2.616401433944702,
    -4.671713829040527,
    -0.904921293258667,
    -0.2756466865539551,
    -3.4182732105255127,
    -1.4412742853164673,
    -6.264100074768066,
    -2.4533584117889404,
    -1.3126479387283325,
    -5.012955188751221,
    -3.8025853633880615,
    -5.287503242492676,
    -2.23371958732605,
    -2.3074660301208496,
    -1.311664342880249,
    -4.75520133972168,
    -4.862283706665039,
    -1.5675934553146362,
    -1.7977590560913086,
    -4.982913970947266,
    -1.0469696521759033,
    -6.488340377807617,
    -3.1027050018310547,
    -1.813183069229126,
    -2.0094385147094727,
    -2.296884059906006,
    -2.5497219562530518,
    -4.696253776550293,
    -0.5241153240203857,
    0.2938499450683594,
    -1.469627857208252,
    -6.300689220428467,
    -0.1901841163635254,
    -0.7134644985198975,
    -3.5735466480255127,
    -2.8496475219726562,
    -1.3968287706375122,
    -1.1662087440490723,
    -3.7626194953918457,
    -2.2408666610717773,
    -0.6092770099639893,
    -2.4370875358581543,
    -2.5989489555358887,
    -4.186257362365723,
    -4.815052509307861,
    -5.30951452255249,
    -2.219949722290039,
    -4.758834362030029,
    -3.7252259254455566,
    -2.678910255432129,
    -2.457333564758301,
    -2.6703596115112305,
    -0.7602274417877197,
    -6.945426940917969,
    -0.6897165775299072,
    0.8131847381591797,
    -0.9830808639526367,
    -0.7623195648193359,
    -4.097506523132324,
    -1.2739585638046265
  ],