{
  "n_train": 180,
  "n_test": 226,
  "target_column": "target",
  "epochs_run": 74,
  "best_epoch": 59,
  "train_time_s": 15.5,
  "rmse": 0.9172610067488944,
  "mae": 0.6556278551574302,
  "r2": 0.8220006828435684,
  "predictions": [
    -2.2984964847564697,
    -2.065906286239624,
    -2.4425158500671387,
    -2.158687114715576,
    -5.80792760848999,
    -1.4984891414642334,
    -3.9308013916015625,
    -1.4418596029281616,
    -8.188261032104492,
    -2.278848171234131,
    -4.576933860778809,
    -1.9891544580459595,
    -3.449692726135254,
    -2.0584611892700195,
    -2.328275680541992,
    -0.532677173614502,
    -2.4252753257751465,
    -8.277645111083984,
    -2.7674899101257324,
    -3.5912766456604004,
    -0.7505922317504883,
    -5.937873840332031,
    0.9914593696594238,
    -1.5461719036102295,
    -1.1943614482879639,
    -7.296720027923584,
    -0.48853015899658203,
    -1.2703593969345093,
    -1.3717900514602661,
    -1.7297862768173218,
    -1.1940112113952637,
    -6.8194427490234375,
    -3.4724538326263428,
    -2.330381155014038,
    -2.5791800022125244,
    -1.8486045598983765,
    -4.046542644500732,
    -1.1262625455856323,
    -4.428114891052246,
    -4.98612117767334,
    -1.476765751838684,
    -5.734342575073242,
    -4.326328754425049,
    -6.159454345703125,
    -7.9413652420043945,
    -4.962378978729248,
    -4.579529762268066,
    -3.0427796840667725,
    -4.140147686004639,
    -5.233008861541748,
    -4.243629455566406,
    -7.706725120544434,
    -1.7912288904190063,
    -2.226759433746338,
    -0.895193338394165,
    -4.332636833190918,
    -1.6612483263015747,
    -4.425799369812012,
    -3.033857822418213,
    -5.509365558624268,
    -2.5355939865112305,
    -2.7136425971984863,
    -0.1677250862121582,
    -4.1202216148376465,
    -3.949681520462036,
    -1.8855044841766357,
    -2.066861867904663,
    -6.707688808441162,
    -2.2656219005584717,
    -3.4659066200256348,
    -0.24589204788208008,
    -0.23854446411132812,
    -2.250765800476074,
    -4.875707626342773,
    -1.790299654006958,
    -0.9274423122406006,
    -1.4825148582458496,
    -3.6671576499938965,
    -3.5528018474578857,
    -6.934172630310059,
    -3.8468456268310547,
    -1.2265043258666992,
    -3.2138211727142334,
    -3.042306900024414,
    -4.652469158172607,
    -2.077634334564209,
    -2.6085898876190186,
    -0.7679502964019775,
    -4.973813056945801,
    -0.9284851551055908,
    -2.0936357975006104,
    -4.2214484214782715,
    -4.5884881019592285,
    -0.5123112201690674,
    -1.4030944108963013,
    -4.074037551879883,
    -0.9684925079345703,
    -0.5461304187774658,
    -1.9444141387939453,
    0.2696843147277832,
    -2.2780792713165283,
    -3.6069247722625732,
    -6.223588466644287,
    -3.3072357177734375,
    -2.4677867889404297,
    -3.84592342376709,
    -1.9351580142974854,
    -0.5474307537078857,
    -4.7107954025268555,
    -5.684933662414551,
    -7.576976776123047,
    -2.1366043090820312,
    -2.318135976791382,
    -3.574033260345459,
    -1.0781229734420776,
    0.12938785552978516,
    -1.147964596748352,
    -1.433237910270691,
    -1.0319828987121582,
    -2.8425610065460205,
    -2.4524834156036377,
    -4.19500207901001,
    -2.777745246887207,
    -2.3375065326690674,
    -1.9086066484451294,
    -3.6022229194641113,
    -2.838869094848633,
    -4.605274200439453,
    0.010770320892333984,
    -1.31277334690094,
    -0.9751641750335693,
    -2.7293052673339844,
    -1.3343448638916016,
    -2.924095630645752,
    -2.1868093013763428,
    -2.8948912620544434,
    -1.8324456214904785,
    -2.8690764904022217,
    -3.6069302558898926,
    -3.6897776126861572,
    -3.182968854904175,
    -4.7523345947265625,
    -4.151142120361328,
    -3.699319839477539,
    -2.3928442001342773,
    -2.8449604511260986,
    -1.3134019374847412,
    -2.221938133239746,
    -1.6341816186904907,
    -3.957214117050171,
    0.2115771770477295,
    -0.9667351245880127,
    -4.235194206237793,
    -1.4429165124893188,
    -2.690422534942627,
    -3.1637840270996094,
    -7.815371513366699,
    -3.2391440868377686,
    -2.0182080268859863,
    -8.190969467163086,
    -1.3119398355484009,
    -2.7275829315185547,
    -1.1130945682525635,
    -2.250765800476074,
    -4.5667290687561035,
    -3.5852785110473633,
    -1.4115608930587769,
    -2.2663164138793945,
    -2.6044490337371826,
    -1.6964410543441772,
    -1.638235092163086,
    -3.7338955402374268,
    -2.4508955478668213,
    -3.9297139644622803,
    -6.10004997253418,
    -3.7073616981506348,
    -3.463158369064331,
    -4.557461738586426,
    -3.528747081756592,
    -7.016685485839844,
    -3.0602145195007324,
    -7.802199363708496,
    -0.947878360748291,
    -1.5535101890563965,
    -2.1624341011047363,
    -3.8600380420684814,
    -1.5866882801055908,
    -3.066380500793457,
    -7.995166301727295,
    -2.3038463592529297,
    -0.8623363971710205,
    -4.8704071044921875,
    -1.2608495950698853,
    -4.2858076095581055,
    -3.6219282150268555,
    0.17878007888793945,
    -4.294154644012451,
    -7.441587924957275,
    -0.09774470329284668,
    -3.9846115112304688,
    -0.9052073955535889,
    -3.1491925716400146,
    -3.670175552368164,
    -2.6179168224334717,
    -4.331910133361816,
    -0.152862548828125,
    -3.5376973152160645,
    -2.714459180831909,
    -0.5419986248016357,
    -3.540691375732422,
    -1.557990550994873,
    -2.2272491455078125,
    -1.2932968139648438,
    -0.47391581535339355,
    -1.0467448234558105,
    -3.6625499725341797,
    -3.5095415115356445,
    -4.313614368438721,
    -3.4687793254852295,
    -8.08163070678711,
    0.20280814170837402,
    -5.097987174987793,
    -8.665115356445312,
    -2.387385368347168,
    -2.5754072666168213,
    -2.76979923248291
  ],