{
  "n_train": 451,
  "n_test": 226,
  "target_column": "target",
  "epochs_run": 78,
  "best_epoch": 63,
  "train_time_s": 26.6,
  "rmse": 0.6952493634834902,
  "mae": 0.5117560371888422,
  "r2": 0.8977381511575843,
  "predictions": [
    -2.5917434692382812,
    -2.2964046001434326,
    -2.305333375930786,
    -2.5294432640075684,
    -6.731771469116211,
    -1.7067656517028809,
    -4.403489112854004,
    -1.752072811126709,
    -8.367842674255371,
    -2.5486154556274414,
    -5.213261604309082,
    -0.62611985206604,
    -3.5369863510131836,
    -1.787807583808899,
    -2.4197134971618652,
    -0.5846524238586426,
    -2.254075288772583,
    -7.810330867767334,
    -3.439326286315918,
    -3.479851245880127,
    -0.9625821113586426,
    -5.676639556884766,
    0.8017556667327881,
    -1.5995115041732788,
    -1.6026533842086792,
    -7.493696212768555,
    -0.5742275714874268,
    -0.4799365997314453,
    -1.2116410732269287,
    -1.5130904912948608,
    -1.4725974798202515,
    -6.3278093338012695,
    -3.8892314434051514,
    -1.891445279121399,
    -2.56315016746521,
    -2.7671098709106445,
    -3.9696133136749268,
    -0.5313448905944824,
    -4.452095031738281,
    -6.495645523071289,
    -1.0010731220245361,
    -7.156722545623779,
    -4.980411052703857,
    -6.498764991760254,
    -7.730231285095215,
    -4.827284336090088,
    -5.144530296325684,
    -2.9830381870269775,
    -5.345841407775879,
    -6.66468620300293,
    -4.91947078704834,
    -7.849153518676758,
    -1.8680864572525024,
    -2.5033838748931885,
    -0.6696679592132568,
    -4.14371919631958,
    -2.2801673412323,
    -4.082799434661865,
    -3.3877835273742676,
    -6.505096912384033,
    -2.6542723178863525,
    -2.3159003257751465,
    -0.0868685245513916,
    -5.798451900482178,
    -3.550084114074707,
    -1.774996280670166,
    -2.9515154361724854,
    -6.786470413208008,
    -3.0012073516845703,
    -3.415672779083252,
    -0.2772953510284424,
    0.503955602645874,
    -2.0551085472106934,
    -6.460833549499512,
    -1.7791694402694702,
    -0.13113832473754883,
    -1.9437106847763062,
    -3.6428985595703125,
    -4.7711076736450195,
    -6.155313491821289,
    -4.190432548522949,
    -1.1920796632766724,
    -3.3314363956451416,
    -3.0132455825805664,
    -4.872784614562988,
    -1.0331625938415527,
    -2.1450161933898926,
    -0.5920376777648926,
    -5.926433563232422,
    -0.32070040702819824,
    -2.1739494800567627,
    -3.845123291015625,
    -4.951315879821777,
    -0.788482666015625,
    -1.3082547187805176,
    -3.993330478668213,
    -1.477941870689392,
    0.0824131965637207,
    -2.4612433910369873,
    -0.115234375,
    -1.8355193138122559,
    -3.7087559700012207,
    -5.781713008880615,
    -3.3336939811706543,
    -2.0160577297210693,
    -4.5739827156066895,
    -0.9697182178497314,
    -0.662276029586792,
    -4.590924263000488,
    -6.892675399780273,
    -7.444531440734863,
    -1.4054515361785889,
    -2.6048777103424072,
    -3.166158676147461,
    -1.414270281791687,
    -0.24785590171813965,
    -1.1226454973220825,
    -1.2654728889465332,
    -1.2533434629440308,
    -2.651860237121582,
    -2.624297857284546,
    -4.909185409545898,
    -4.102162837982178,
    -2.0629780292510986,
    -2.8165860176086426,
    -3.5937511920928955,
    -2.4000563621520996,
    -5.12761116027832,
    -0.2546885013580322,
    -1.333803415298462,
    -1.1324909925460815,
    -2.6906471252441406,
    -1.508889079093933,
    -3.006040573120117,
    -2.225858688354492,
    -2.6482791900634766,
    -1.8427557945251465,
    -1.6320096254348755,
    -4.110720634460449,
    -4.262136936187744,
    -4.530451774597168,
    -4.852231502532959,
    -4.299205303192139,
    -3.5260233879089355,
    -2.664109706878662,
    -3.2032220363616943,
    -0.6580815315246582,
    -2.2855324745178223,
    -0.1374809741973877,
    -3.7944560050964355,
    -0.20453143119812012,
    -1.1874988079071045,
    -4.380357265472412,
    -1.6080851554870605,
    -3.073378324508667,
    -3.8010106086730957,
    -7.604738712310791,
    -2.872471332550049,
    -2.571453332901001,
    -8.899468421936035,
    -2.0614538192749023,
    -2.9712607860565186,
    -0.40070128440856934,
    -2.0551085472106934,
    -5.003246307373047,
    -3.123901605606079,
    -1.5395396947860718,
    -2.2434775829315186,
    -1.290481448173523,
    -1.7400202751159668,
    -1.6019221544265747,
    -4.0695481300354,
    -1.2963757514953613,
    -3.6543612480163574,
    -7.176416873931885,
    -3.440127372741699,
    -3.9368419647216797,
    -4.833493232727051,
    -3.895157814025879,
    -7.109155654907227,
    -3.074925661087036,
    -7.906973838806152,
    -0.21431946754455566,
    -1.6212530136108398,
    -2.3223257064819336,
    -3.4819164276123047,
    -0.6677095890045166,
    -3.355087995529175,
    -6.849684715270996,
    -2.9770162105560303,
    -0.43735432624816895,
    -5.422496318817139,
    -0.5074012279510498,
    -3.925837516784668,
    -3.2478461265563965,
    -0.33894777297973633,
    -4.440530776977539,
    -6.546108245849609,
    -0.07091379165649414,
    -3.9485983848571777,
    -0.5448863506317139,
    -3.295724868774414,
    -3.7662999629974365,
    -2.3502883911132812,
    -4.724804401397705,
    -0.38135671615600586,
    -3.841517686843872,
    -3.0436811447143555,
    -0.4106934070587158,
    -4.1257429122924805,
    -1.5234246253967285,
    -3.288529396057129,
    -1.7215415239334106,
    -0.2653820514678955,
    -1.1817796230316162,
    -4.861954689025879,
    -3.7955260276794434,
    -5.001657485961914,
    -3.7947802543640137,
    -8.80698299407959,
    -0.1504807472229004,
    -4.674836158752441,
    -6.636462211608887,
    -2.5978057384490967,
    -2.4965503215789795,
    -2.742194414138794
  ],