{
  "n_train": 180,
  "n_test": 226,
  "target_column": "target",
  "epochs_run": 45,
  "best_epoch": 30,
  "train_time_s": 8.8,
  "rmse": 1.0499371717451471,
  "mae": 0.7430235685500424,
  "r2": 0.7667835952755626,
  "predictions": [
    -2.086989402770996,
    -2.2678585052490234,
    -2.715592861175537,
    -2.116694927215576,
    -4.963132858276367,
    -1.2037718296051025,
    -3.4767367839813232,
    -1.77164626121521,
    -7.357656955718994,
    -2.2474722862243652,
    -4.809130668640137,
    -1.9840569496154785,
    -3.388298511505127,
    -1.1991169452667236,
    -2.3721940517425537,
    -0.5838439464569092,
    -2.4567930698394775,
    -7.69122838973999,
    -2.9997570514678955,
    -3.6487863063812256,
    -0.3551919460296631,
    -5.225520610809326,
    1.6844844818115234,
    -1.5243686437606812,
    -1.330169439315796,
    -6.732901573181152,
    -0.4046616554260254,
    -0.7668170928955078,
    -1.4922243356704712,
    -1.3206464052200317,
    -1.1729644536972046,
    -6.0685272216796875,
    -3.355738878250122,
    -2.429126262664795,
    -2.2126283645629883,
    -2.2233924865722656,
    -3.5278449058532715,
    -0.6533360481262207,
    -4.5571064949035645,
    -4.087525844573975,
    -0.6221923828125,
    -4.782751560211182,
    -3.9493463039398193,
    -5.6959686279296875,
    -7.168909072875977,
    -4.681159973144531,
    -4.764798641204834,
    -3.2664575576782227,
    -4.048095703125,
    -4.290830135345459,
    -4.288539409637451,
    -6.828131675720215,
    -1.62656831741333,
    -2.569967031478882,
    -1.2532966136932373,
    -3.833176851272583,
    -1.9328643083572388,
    -3.790274143218994,
    -2.5312910079956055,
    -4.699856758117676,
    -2.7934491634368896,
    -2.8187835216522217,
    -0.10721278190612793,
    -3.6731159687042236,
    -3.496103286743164,
    -2.026228189468384,
    -2.6875016689300537,
    -5.57387638092041,
    -2.5238192081451416,
    -3.344611644744873,
    -0.42046666145324707,
    -0.0012621879577636719,
    -2.2837464809417725,
    -4.853886604309082,
    -2.2876665592193604,
    -0.2322368621826172,
    -1.9605365991592407,
    -3.7132773399353027,
    -3.6397037506103516,
    -5.695639133453369,
    -3.5392792224884033,
    -1.4960658550262451,
    -3.458620071411133,
    -3.2133724689483643,
    -4.6786298751831055,
    -1.8856749534606934,
    -2.7505574226379395,
    -1.479280710220337,
    -4.881312370300293,
    -0.4527263641357422,
    -2.4297633171081543,
    -4.115744113922119,
    -4.450106143951416,
    -0.6883275508880615,
    -1.5246899127960205,
    -4.026307582855225,
    -0.9008865356445312,
    -0.16220903396606445,
    -1.882392406463623,
    0.4673616886138916,
    -2.2979726791381836,
    -3.285482406616211,
    -5.528110504150391,
    -3.0686521530151367,
    -2.3805999755859375,
    -3.6762566566467285,
    -1.890489935874939,
    -0.8129496574401855,
    -4.163997173309326,
    -4.4630231857299805,
    -6.708900451660156,
    -2.5608325004577637,
    -2.1692371368408203,
    -3.3233513832092285,
    -1.2899960279464722,
    -0.08501648902893066,
    -1.553979516029358,
    -1.5380009412765503,
    -1.226335048675537,
    -2.588888645172119,
    -2.334429979324341,
    -4.118956565856934,
    -3.1848878860473633,
    -2.464367628097534,
    -1.8960349559783936,
    -3.372239351272583,
    -3.0932228565216064,
    -3.32712459564209,
    -0.14265966415405273,
    -1.330411672592163,
    -1.0256752967834473,
    -3.0281097888946533,
    -1.7207930088043213,
    -2.6981682777404785,
    -1.8643358945846558,
    -2.958538770675659,
    -1.991370677947998,
    -3.0246877670288086,
    -3.3903443813323975,
    -3.623910665512085,
    -2.8214335441589355,
    -4.250871658325195,
    -3.6480464935302734,
    -3.466153144836426,
    -2.820549488067627,
    -2.8186306953430176,
    -0.8848669528961182,
    -2.886866807937622,
    -1.478867530822754,
    -3.459181308746338,
    -0.2726168632507324,
    -1.4127719402313232,
    -4.166263580322266,
    -1.27311372756958,
    -2.328842878341675,
    -2.7142763137817383,
    -7.080835819244385,
    -3.5168590545654297,
    -2.044337034225464,
    -7.435248851776123,
    -1.1831742525100708,
    -3.0264086723327637,
    -1.4106292724609375,
    -2.2837464809417725,
    -4.482390403747559,
    -3.4296107292175293,
    -1.6771042346954346,
    -1.5851486921310425,
    -2.612567663192749,
    -1.7234379053115845,
    -1.7521193027496338,
    -3.167511224746704,
    -1.8297500610351562,
    -3.8973042964935303,
    -5.242301940917969,
    -3.6210367679595947,
    -3.2059972286224365,
    -4.17055606842041,
    -3.827425479888916,
    -6.166499137878418,
    -3.0495593547821045,
    -7.138967037200928,
    -0.6563091278076172,
    -1.6441233158111572,
    -1.844807744026184,
    -3.4568417072296143,
    -1.2999540567398071,
    -2.462167501449585,
    -6.572509765625,
    -2.1962146759033203,
    -0.6054491996765137,
    -4.917947292327881,
    -0.983536958694458,
    -3.686518430709839,
    -3.193345546722412,
    0.7490239143371582,
    -4.184412002563477,
    -6.281040191650391,
    0.023631811141967773,
    -4.003722190856934,
    -0.6749265193939209,
    -3.2611773014068604,
    -3.2290596961975098,
    -2.9967029094696045,
    -4.566896438598633,
    0.06339192390441895,
    -3.658583164215088,
    -2.3952243328094482,
    -0.28938984870910645,
    -3.7837812900543213,
    -1.0867055654525757,
    -2.607071876525879,
    -1.229099988937378,
    -0.781505823135376,
    -1.1201075315475464,
    -3.6511192321777344,
    -3.5576512813568115,
    -4.165477275848389,
    -3.8272252082824707,
    -7.452780723571777,
    -0.23031401634216309,
    -4.045413494110107,
    -10.276318550109863,
    -2.363677501678467,
    -2.6671926975250244,
    -2.9359281063079834
  ],