{
  "n_train": 183,
  "n_test": 229,
  "epochs_run": 54,
  "best_epoch": 39,
  "train_time_s": 40.7,
  "rmse": 0.7891590648091681,
  "mae": 0.5814048978439065,
  "r2": 0.8569833731580623,
  "predictions": [
    -1.3499306440353394,
    -5.895725727081299,
    -4.605299472808838,
    -3.466440200805664,
    0.02740764617919922,
    -4.782158374786377,
    0.011597394943237305,
    -4.719998836517334,
    -3.6242873668670654,
    -2.683159351348877,
    -2.117561101913452,
    -1.166959285736084,
    -3.94191312789917,
    -2.7259039878845215,
    -4.597472667694092,
    -2.127493381500244,
    -3.565319538116455,
    -5.055845260620117,
    -1.424551248550415,
    -1.643290400505066,
    -3.525547742843628,
    -1.4429219961166382,
    -3.834810256958008,
    -2.2418899536132812,
    0.8971655368804932,
    -0.7179031372070312,
    -2.4616029262542725,
    -4.583077907562256,
    -3.9092183113098145,
    -3.6758556365966797,
    -2.511988639831543,
    -2.7459371089935303,
    -3.9911773204803467,
    -1.917095422744751,
    -2.632996082305908,
    -8.657082557678223,
    -0.8790528774261475,
    -0.858771562576294,
    -2.2302186489105225,
    -2.189380407333374,
    -1.9644837379455566,
    -6.232694625854492,
    -1.6998525857925415,
    -1.0884606838226318,
    -1.3535195589065552,
    -2.6824254989624023,
    -3.619044542312622,
    -1.3125625848770142,
    -0.15248823165893555,
    -2.0519649982452393,
    -3.3888721466064453,
    -1.4467394351959229,
    -1.692641019821167,
    -3.732511043548584,
    -5.3391804695129395,
    -4.885566711425781,
    -4.234868049621582,
    -3.494142770767212,
    -1.386932373046875,
    -1.627956748008728,
    -4.907235622406006,
    -5.281669616699219,
    -1.2199913263320923,
    -0.972508430480957,
    -2.6955771446228027,
    -1.7987149953842163,
    -2.4781603813171387,
    -6.888471603393555,
    -1.8886913061141968,
    -2.794262170791626,
    -5.232439994812012,
    -2.8659491539001465,
    -2.5163276195526123,
    -5.144928932189941,
    -3.4587385654449463,
    -0.6084132194519043,
    -1.316348910331726,
    -1.095310091972351,
    -8.239337921142578,
    -3.938009738922119,
    -1.422993779182434,
    -2.9365854263305664,
    -6.747132778167725,
    -2.604989767074585,
    -3.9814271926879883,
    -1.9795118570327759,
    -5.764229774475098,
    3.1005442142486572,
    -2.5359835624694824,
    -3.623563766479492,
    -5.893189430236816,
    -1.1568800210952759,
    -1.0067133903503418,
    -3.3610475063323975,
    2.513922929763794,
    -5.913588047027588,
    -3.4503743648529053,
    -1.8491582870483398,
    -2.0499277114868164,
    -4.8580780029296875,
    -3.7012908458709717,
    -4.020468711853027,
    -1.0611963272094727,
    -1.9625345468521118,
    -4.70728874206543,
    -10.51244831085205,
    -5.619129180908203,
    -1.4088501930236816,
    -6.353815078735352,
    -2.929729700088501,
    -2.768746852874756,
    -4.679567337036133,
    -4.406682014465332,
    -4.8861613273620605,
    -2.4238028526306152,
    -1.3193981647491455,
    -2.6515820026397705,
    -4.0613579750061035,
    -2.5893607139587402,
    -0.01465749740600586,
    -1.2099958658218384,
    -3.1751275062561035,
    -5.168335437774658,
    -3.5008926391601562,
    -2.5699541568756104,
    -2.9729537963867188,
    -1.264220952987671,
    1.9223945140838623,
    -4.382927894592285,
    -3.706406354904175,
    -1.2904242277145386,
    -2.4024722576141357,
    -2.8396971225738525,
    -1.4790904521942139,
    -2.352262496948242,
    -5.711376190185547,
    -4.5936279296875,
    -1.6008175611495972,
    -1.52494215965271,
    -1.9685648679733276,
    -3.9517693519592285,
    -2.9958486557006836,
    -2.66462779045105,
    -2.595749855041504,
    -4.007096767425537,
    -8.217211723327637,
    -4.947592735290527,
    -5.623061180114746,
    -9.503461837768555,
    -2.13230562210083,
    -1.4068912267684937,
    -1.6301016807556152,
    0.6862866878509521,
    -3.9065778255462646,
    -8.311257362365723,
    -3.8616280555725098,
    -0.1520538330078125,
    -4.811455249786377,
    -0.805079460144043,
    -3.9297826290130615,
    -6.640523910522461,
    -0.510308027267456,
    -4.506091594696045,
    -3.0411300659179688,
    -4.119439601898193,
    -4.789273262023926,
    -3.7963826656341553,
    -0.6849429607391357,
    -0.8008339405059814,
    -1.7251687049865723,
    -5.199925422668457,
    -1.4888898134231567,
    -0.5155057907104492,
    -3.8362746238708496,
    -1.5058834552764893,
    -7.188935279846191,
    -2.5342061519622803,
    -1.6638667583465576,
    -4.1266303062438965,
    -4.382571220397949,
    -5.6581339836120605,
    -2.6769638061523438,
    -1.4918715953826904,
    -2.0352284908294678,
    -4.320530891418457,
    -4.348991870880127,
    -1.432008147239685,
    -2.2395734786987305,
    -4.891323566436768,
    -0.928910493850708,
    -6.636025905609131,
    -2.8490753173828125,
    -2.095099925994873,
    -1.5503307580947876,
    -2.320702075958252,
    -1.9162627458572388,
    -2.5838699340820312,
    -0.09575295448303223,
    1.1629154682159424,
    -1.4664138555526733,
    -6.310832977294922,
    -0.1864175796508789,
    -0.5699450969696045,
    -3.8122522830963135,
    -2.312563896179199,
    -1.5972760915756226,
    -1.1861854791641235,
    -3.739633560180664,
    -2.414299964904785,
    -0.9550914764404297,
    -2.6428914070129395,
    -2.956871509552002,
    -4.016366004943848,
    -5.312429428100586,
    -5.998846530914307,
    -2.6226119995117188,
    -4.4922966957092285,
    -3.1347129344940186,
    -2.7202086448669434,
    -3.6255407333374023,
    -2.3427820205688477,
    -1.3133026361465454,
    -6.4390387535095215,
    -0.6801245212554932,
    1.078251600265503,
    -1.443021297454834,
    -0.0870358943939209,
    -5.3674163818359375,
    -1.1941922903060913
  ],