{
  "n_train": 721,
  "n_test": 226,
  "target_column": "target",
  "epochs_run": 90,
  "best_epoch": 75,
  "train_time_s": 46.0,
  "rmse": 0.5850500099836392,
  "mae": 0.4423923096825591,
  "r2": 0.9275866903200319,
  "predictions": [
    -2.424727439880371,
    -1.787023663520813,
    -2.5236520767211914,
    -1.8247040510177612,
    -6.995292663574219,
    -1.1740161180496216,
    -3.5047755241394043,
    -1.773256540298462,
    -8.369937896728516,
    -2.4526352882385254,
    -4.474149227142334,
    -0.2974576950073242,
    -3.097341299057007,
    -2.126462459564209,
    -2.418682813644409,
    -0.705474853515625,
    -2.2697696685791016,
    -9.60994815826416,
    -3.207273483276367,
    -3.485978364944458,
    -1.0457587242126465,
    -6.21737003326416,
    0.6994609832763672,
    -1.561813235282898,
    -1.6139134168624878,
    -7.381675720214844,
    -0.47362732887268066,
    -0.6659331321716309,
    -1.162366271018982,
    -1.5681136846542358,
    -1.502946138381958,
    -6.295060634613037,
    -3.5895040035247803,
    -1.652551531791687,
    -2.4385766983032227,
    -1.8755567073822021,
    -4.059064865112305,
    -0.1426560878753662,
    -4.760210990905762,
    -6.753453254699707,
    -1.180138111114502,
    -7.1776885986328125,
    -4.426961421966553,
    -5.980982780456543,
    -7.389904975891113,
    -4.952134132385254,
    -3.892317771911621,
    -3.778292655944824,
    -5.07814359664917,
    -6.727852821350098,
    -4.839105129241943,
    -8.238677978515625,
    -1.7155122756958008,
    -2.5145716667175293,
    -0.8463559150695801,
    -3.8040215969085693,
    -2.3703153133392334,
    -4.313275337219238,
    -2.8600449562072754,
    -6.1966047286987305,
    -2.821489095687866,
    -2.3500890731811523,
    -0.206559419631958,
    -5.713803291320801,
    -3.6902716159820557,
    -1.3790624141693115,
    -2.3370649814605713,
    -5.93973445892334,
    -2.0571646690368652,
    -2.6829559803009033,
    -0.21809744834899902,
    0.5900397300720215,
    -2.0707647800445557,
    -5.117537498474121,
    -2.5626749992370605,
    0.09139490127563477,
    -1.6365985870361328,
    -3.800851821899414,
    -4.57459020614624,
    -6.453207015991211,
    -4.161503314971924,
    -1.5018831491470337,
    -2.857027530670166,
    -3.5349621772766113,
    -4.9404802322387695,
    -0.9254136085510254,
    -2.329101800918579,
    -0.7453441619873047,
    -5.8296284675598145,
    -0.027410268783569336,
    -2.0433292388916016,
    -3.964000940322876,
    -4.608546733856201,
    -0.7447185516357422,
    -1.2788559198379517,
    -4.597989559173584,
    -1.0930789709091187,
    -0.02833724021911621,
    -1.9818717241287231,
    0.421337366104126,
    -1.8091423511505127,
    -3.0690033435821533,
    -5.941129684448242,
    -3.130169630050659,
    -1.409902811050415,
    -3.475314140319824,
    -0.4072756767272949,
    -0.5325057506561279,
    -5.075400352478027,
    -6.596926689147949,
    -7.922900199890137,
    -1.1304675340652466,
    -2.2085132598876953,
    -2.436539649963379,
    -1.1474099159240723,
    -0.2736077308654785,
    -0.8704192638397217,
    -1.463249683380127,
    -1.1071168184280396,
    -2.6765692234039307,
    -2.2336347103118896,
    -5.268128395080566,
    -3.0290279388427734,
    -1.9638338088989258,
    -2.256817102432251,
    -3.777355194091797,
    -2.1552438735961914,
    -4.653954029083252,
    -0.19512104988098145,
    -1.3257784843444824,
    -0.8745346069335938,
    -2.3612730503082275,
    -1.417986512184143,
    -2.535714864730835,
    -1.8120137453079224,
    -2.4088706970214844,
    -2.904834270477295,
    -0.7232480049133301,
    -4.76102876663208,
    -3.764348268508911,
    -4.401970863342285,
    -5.535865783691406,
    -3.859680414199829,
    -3.684426784515381,
    -2.282024621963501,
    -2.908942937850952,
    -1.332250714302063,
    -1.9589170217514038,
    0.046436309814453125,
    -3.476179361343384,
    0.008407831192016602,
    -0.7470920085906982,
    -4.219983100891113,
    -1.4186362028121948,
    -2.2659049034118652,
    -3.5702064037323,
    -7.165566444396973,
    -3.079828977584839,
    -2.4206526279449463,
    -8.484315872192383,
    -2.0302231311798096,
    -2.8490254878997803,
    0.07250738143920898,
    -2.0707645416259766,
    -4.363558769226074,
    -3.1938319206237793,
    -1.4665675163269043,
    -1.7249882221221924,
    -0.34585118293762207,
    -1.6402748823165894,
    -1.6629568338394165,
    -3.585068941116333,
    -1.114041805267334,
    -4.744437217712402,
    -7.662012100219727,
    -3.723606586456299,
    -3.3403124809265137,
    -4.486948013305664,
    -3.6162185668945312,
    -7.2043304443359375,
    -3.2667131423950195,
    -7.858707427978516,
    0.21584367752075195,
    -1.4069396257400513,
    -1.882778286933899,
    -3.4915664196014404,
    -0.49344658851623535,
    -3.3004589080810547,
    -7.96240234375,
    -2.905698776245117,
    -0.7325568199157715,
    -5.69188117980957,
    -0.6406786441802979,
    -3.784121036529541,
    -3.5307281017303467,
    -0.8392317295074463,
    -3.9236412048339844,
    -7.293361663818359,
    -0.04401659965515137,
    -4.166863441467285,
    -0.19158244132995605,
    -3.8190457820892334,
    -3.2208151817321777,
    -2.4180357456207275,
    -4.148404121398926,
    -0.019478797912597656,
    -4.334869384765625,
    -2.4627842903137207,
    -0.6429054737091064,
    -3.9121522903442383,
    -1.640877366065979,
    -3.4752490520477295,
    -1.417279839515686,
    0.26270580291748047,
    -1.2287527322769165,
    -5.304431915283203,
    -4.047946453094482,
    -4.899153709411621,
    -3.8603954315185547,
    -8.19082260131836,
    0.2630753517150879,
    -4.1652936935424805,
    -5.521960258483887,
    -2.5003280639648438,
    -1.9915611743927002,
    -2.7288365364074707
  ],