{
  "n_train": 183,
  "n_test": 229,
  "epochs_run": 51,
  "best_epoch": 36,
  "train_time_s": 34.2,
  "rmse": 0.787817384836741,
  "mae": 0.5853104830829338,
  "r2": 0.8574692560149537,
  "predictions": [
    -1.18954598903656,
    -5.997988700866699,
    -5.012414455413818,
    -3.878114938735962,
    -0.26170921325683594,
    -4.743042945861816,
    -0.363739013671875,
    -4.217983245849609,
    -3.1465511322021484,
    -3.082988739013672,
    -1.9041541814804077,
    -1.4341930150985718,
    -3.5268893241882324,
    -2.566343069076538,
    -4.484810829162598,
    -2.172145366668701,
    -3.2280430793762207,
    -5.582632064819336,
    -1.1778260469436646,
    -1.9932163953781128,
    -2.8230650424957275,
    -1.7615301609039307,
    -3.9717984199523926,
    -2.314540386199951,
    0.7049846649169922,
    -1.320844292640686,
    -2.675161123275757,
    -5.130522727966309,
    -3.7975871562957764,
    -3.5528578758239746,
    -2.12207293510437,
    -2.843266010284424,
    -4.628510475158691,
    -2.0453338623046875,
    -2.4076356887817383,
    -8.950494766235352,
    -0.695986270904541,
    -0.7527971267700195,
    -2.1194515228271484,
    -1.6413757801055908,
    -1.9783004522323608,
    -6.59698486328125,
    -2.037627696990967,
    -0.9907989501953125,
    -1.0639266967773438,
    -2.9902584552764893,
    -3.7073559761047363,
    -1.3394229412078857,
    0.07435822486877441,
    -1.9008733034133911,
    -3.8314321041107178,
    -1.2489384412765503,
    -1.4487181901931763,
    -3.9423675537109375,
    -5.132383823394775,
    -5.1605329513549805,
    -4.611397743225098,
    -3.1970832347869873,
    -2.364556074142456,
    -1.386634111404419,
    -4.227721691131592,
    -4.366917133331299,
    -1.3977502584457397,
    -0.9965543746948242,
    -2.54733943939209,
    -1.8103283643722534,
    -2.2641000747680664,
    -6.759712219238281,
    -1.7647336721420288,
    -2.547308921813965,
    -5.5198187828063965,
    -3.059908866882324,
    -3.2463934421539307,
    -4.453699111938477,
    -3.5821056365966797,
    -0.7138862609863281,
    -1.169600486755371,
    -1.2209094762802124,
    -6.941902160644531,
    -4.212271690368652,
    -1.17495596408844,
    -2.985553503036499,
    -5.955212116241455,
    -2.180736780166626,
    -3.9000496864318848,
    -1.679756760597229,
    -5.127738952636719,
    2.823145627975464,
    -1.3255515098571777,
    -4.111265182495117,
    -4.938449859619141,
    -1.061042070388794,
    -1.381123661994934,
    -3.319786310195923,
    1.832972764968872,
    -5.84348201751709,
    -3.9814794063568115,
    -2.020585536956787,
    -1.9137325286865234,
    -4.9278693199157715,
    -3.76043963432312,
    -4.578056335449219,
    -1.5632410049438477,
    -1.7686711549758911,
    -4.669457912445068,
    -10.6874418258667,
    -5.6163649559021,
    -1.2638428211212158,
    -6.654697895050049,
    -2.633148670196533,
    -2.9382216930389404,
    -4.812789440155029,
    -4.787783622741699,
    -5.088780403137207,
    -2.799360990524292,
    -1.4166544675827026,
    -2.564575672149658,
    -3.650036573410034,
    -2.3438570499420166,
    -0.2933690547943115,
    -1.0522407293319702,
    -2.9333958625793457,
    -4.408425807952881,
    -3.756796360015869,
    -2.612834930419922,
    -3.1204750537872314,
    -1.2065244913101196,
    1.138087511062622,
    -4.407298564910889,
    -3.9160423278808594,
    -1.362133502960205,
    -2.3191354274749756,
    -2.821709394454956,
    -1.3420979976654053,
    -2.242922306060791,
    -6.124241352081299,
    -4.034458637237549,
    -1.7074335813522339,
    -1.3492960929870605,
    -2.564324140548706,
    -4.294073104858398,
    -3.2648634910583496,
    -2.7941226959228516,
    -2.9342379570007324,
    -4.408022403717041,
    -8.518418312072754,
    -4.218587875366211,
    -4.710893154144287,
    -9.7432861328125,
    -2.4029650688171387,
    -1.1577239036560059,
    -1.633545160293579,
    -0.16072344779968262,
    -3.398505449295044,
    -8.564087867736816,
    -3.9717142581939697,
    -0.4685368537902832,
    -4.837484359741211,
    -0.37865233421325684,
    -4.162893295288086,
    -6.648745536804199,
    -0.18448948860168457,
    -3.854055166244507,
    -3.25341534614563,
    -4.171719551086426,
    -4.562495231628418,
    -4.125226974487305,
    -0.653942346572876,
    -0.7181990146636963,
    -2.472550630569458,
    -4.504584312438965,
    -1.235159993171692,
    -0.5801491737365723,
    -4.084256172180176,
    -1.8654757738113403,
    -6.462184429168701,
    -2.5852372646331787,
    -1.7110440731048584,
    -4.297801971435547,
    -3.7396061420440674,
    -4.924014568328857,
    -2.5163002014160156,
    -1.3078150749206543,
    -2.696793794631958,
    -4.690638542175293,
    -4.735226631164551,
    -1.481890320777893,
    -2.3263072967529297,
    -4.825167179107666,
    -0.9651997089385986,
    -6.850042819976807,
    -3.6867499351501465,
    -1.94866144657135,
    -1.5499073266983032,
    -2.572486400604248,
    -2.0701236724853516,
    -2.6250693798065186,
    -0.270322322845459,
    1.5662624835968018,
    -1.4469412565231323,
    -6.499011039733887,
    0.1751565933227539,
    -1.2721483707427979,
    -3.5421574115753174,
    -2.7996530532836914,
    -1.8210721015930176,
    -1.3322049379348755,
    -4.268685340881348,
    -2.5237138271331787,
    -0.7252185344696045,
    -2.3996777534484863,
    -2.8405089378356934,
    -3.341675043106079,
    -4.5453972816467285,
    -5.0654754638671875,
    -2.579514741897583,
    -5.377510070800781,
    -3.610966920852661,
    -3.2200090885162354,
    -3.660106658935547,
    -2.2076575756073,
    -1.4907736778259277,
    -6.531319618225098,
    -1.054012417793274,
    1.027585744857788,
    -1.0952681303024292,
    -0.4664332866668701,
    -4.277756214141846,
    -1.6702711582183838
  ],