{
  "n_train": 902,
  "n_test": 226,
  "target_column": "target",
  "epochs_run": 100,
  "best_epoch": 86,
  "train_time_s": 58.4,
  "rmse": 0.5826581863468493,
  "mae": 0.4246492264545069,
  "r2": 0.9281775586230379,
  "predictions": [
    -2.573213815689087,
    -2.070873498916626,
    -2.2508325576782227,
    -2.714836597442627,
    -6.906777858734131,
    -1.3894124031066895,
    -4.156378746032715,
    -1.6385259628295898,
    -8.474669456481934,
    -2.6847660541534424,
    -4.678692817687988,
    -0.38778066635131836,
    -3.496330499649048,
    -2.3741719722747803,
    -2.8129682540893555,
    -0.7125847339630127,
    -2.394570827484131,
    -9.50772476196289,
    -3.164931297302246,
    -3.5615460872650146,
    -1.3124662637710571,
    -6.274585723876953,
    0.9275088310241699,
    -1.742690086364746,
    -1.7492334842681885,
    -7.360177516937256,
    -0.5201396942138672,
    -0.31482982635498047,
    -1.5449230670928955,
    -1.7900993824005127,
    -1.6681079864501953,
    -6.462617874145508,
    -3.95037579536438,
    -1.8357185125350952,
    -2.489656925201416,
    -2.0009045600891113,
    -4.20233678817749,
    0.10293984413146973,
    -4.658094882965088,
    -6.545412540435791,
    -1.2744300365447998,
    -7.430912017822266,
    -4.2988457679748535,
    -5.894550800323486,
    -7.533448696136475,
    -4.840638160705566,
    -3.937168836593628,
    -3.659392833709717,
    -5.533470630645752,
    -6.836941719055176,
    -5.193333148956299,
    -8.279504776000977,
    -1.926467776298523,
    -2.448637008666992,
    -0.8666348457336426,
    -4.045928001403809,
    -1.862052321434021,
    -4.19567346572876,
    -3.0312840938568115,
    -6.882637023925781,
    -2.7059786319732666,
    -2.511413812637329,
    -0.2281956672668457,
    -5.951469898223877,
    -3.8938519954681396,
    -1.8971041440963745,
    -2.2004740238189697,
    -6.538422107696533,
    -2.3230128288269043,
    -3.270258903503418,
    -0.3081042766571045,
    0.43209338188171387,
    -2.0387558937072754,
    -5.351885795593262,
    -2.216486930847168,
    0.13775205612182617,
    -1.8132601976394653,
    -3.7874879837036133,
    -4.850335597991943,
    -6.600666522979736,
    -4.672790050506592,
    -1.6782476902008057,
    -3.1536595821380615,
    -3.2469911575317383,
    -4.940998554229736,
    -1.2718186378479004,
    -2.49717116355896,
    -0.2926025390625,
    -6.033679008483887,
    -0.13121366500854492,
    -2.7121758460998535,
    -4.082255840301514,
    -4.714354991912842,
    -0.7632296085357666,
    -1.5786800384521484,
    -4.319084644317627,
    -1.298047423362732,
    -0.01577472686767578,
    -2.2348251342773438,
    0.09244799613952637,
    -1.9068312644958496,
    -3.4781057834625244,
    -6.094110012054443,
    -3.291219472885132,
    -1.709669589996338,
    -3.8056886196136475,
    -0.8458304405212402,
    -0.8062393665313721,
    -4.973626136779785,
    -7.89650821685791,
    -7.86300802230835,
    -1.0125586986541748,
    -2.6171388626098633,
    -2.662630558013916,
    -1.222818374633789,
    -0.17006611824035645,
    -1.504605770111084,
    -1.9527544975280762,
    -1.354791522026062,
    -2.843315601348877,
    -2.511695384979248,
    -5.042767524719238,
    -3.1028385162353516,
    -1.9777277708053589,
    -2.5970828533172607,
    -3.7693138122558594,
    -2.4943952560424805,
    -5.112276077270508,
    -0.19875526428222656,
    -0.9771041870117188,
    -0.8883926868438721,
    -2.3675525188446045,
    -1.4221036434173584,
    -2.953049659729004,
    -2.1736419200897217,
    -2.636397361755371,
    -3.0704963207244873,
    -1.548102855682373,
    -4.641063690185547,
    -3.962376594543457,
    -4.571553707122803,
    -5.487827301025391,
    -4.038048267364502,
    -3.7280325889587402,
    -2.5405168533325195,
    -2.9955244064331055,
    -1.0842260122299194,
    -1.742936372756958,
    0.2664613723754883,
    -3.458261728286743,
    -0.23870563507080078,
    -1.1203477382659912,
    -4.279367446899414,
    -1.4707984924316406,
    -2.3421497344970703,
    -4.457313537597656,
    -7.270689010620117,
    -3.2421655654907227,
    -2.801715612411499,
    -8.729902267456055,
    -2.051863431930542,
    -2.8228611946105957,
    -0.28525280952453613,
    -2.0387558937072754,
    -4.989045143127441,
    -3.460324287414551,
    -1.4337420463562012,
    -1.6922482252120972,
    -0.7005879878997803,
    -1.613765835762024,
    -1.8286362886428833,
    -4.097593307495117,
    -0.8944408893585205,
    -3.909144401550293,
    -7.3508405685424805,
    -3.7758655548095703,
    -3.30016827583313,
    -4.9323835372924805,
    -3.654418468475342,
    -7.404105186462402,
    -3.2626287937164307,
    -7.900086879730225,
    -0.0693206787109375,
    -1.4302459955215454,
    -2.2892839908599854,
    -3.5155301094055176,
    -0.6579694747924805,
    -3.3474032878875732,
    -7.77667236328125,
    -2.763352394104004,
    -0.6641819477081299,
    -5.008946418762207,
    -0.5999515056610107,
    -3.793957471847534,
    -3.7430191040039062,
    -1.0766717195510864,
    -4.222980499267578,
    -7.176390171051025,
    0.11784744262695312,
    -3.8426194190979004,
    -0.5523273944854736,
    -3.6623380184173584,
    -3.139914035797119,
    -2.5858964920043945,
    -4.481644630432129,
    -0.38150858879089355,
    -4.274489402770996,
    -2.8739635944366455,
    -0.9227433204650879,
    -4.21927547454834,
    -1.7348592281341553,
    -3.9739761352539062,
    -1.7208168506622314,
    0.31865668296813965,
    -1.2326372861862183,
    -5.5386576652526855,
    -3.998340129852295,
    -5.148721694946289,
    -3.9096827507019043,
    -8.366607666015625,
    -0.1982564926147461,
    -4.420295715332031,
    -6.379950523376465,
    -2.7733428478240967,
    -2.3304731845855713,
    -2.9905052185058594
  ],