{
  "n_train": 451,
  "n_test": 226,
  "target_column": "target",
  "epochs_run": 53,
  "best_epoch": 38,
  "train_time_s": 17.8,
  "rmse": 0.7225303533959186,
  "mae": 0.5320571961656081,
  "r2": 0.8895553626913284,
  "predictions": [
    -2.534132719039917,
    -2.354527711868286,
    -2.6027164459228516,
    -2.3267292976379395,
    -6.831885814666748,
    -1.7959145307540894,
    -4.828777313232422,
    -1.9968664646148682,
    -8.805548667907715,
    -2.47951602935791,
    -5.350457668304443,
    -0.2224569320678711,
    -3.0537893772125244,
    -1.7074065208435059,
    -3.0317912101745605,
    -0.09425544738769531,
    -3.1459808349609375,
    -7.417590141296387,
    -3.5099151134490967,
    -3.544281482696533,
    -1.925870418548584,
    -5.645951271057129,
    0.8403341770172119,
    -2.085902452468872,
    -1.645026683807373,
    -7.853201389312744,
    -0.43559789657592773,
    -0.6034440994262695,
    -1.2248870134353638,
    -1.6330673694610596,
    -1.728583574295044,
    -6.4614973068237305,
    -3.646294593811035,
    -1.904578447341919,
    -2.4767115116119385,
    -2.4830551147460938,
    -4.4990620613098145,
    -0.15956830978393555,
    -4.506534576416016,
    -6.680002689361572,
    -1.324360728263855,
    -7.314944744110107,
    -5.1087236404418945,
    -5.929441928863525,
    -8.103843688964844,
    -4.680975914001465,
    -5.290508270263672,
    -3.3722119331359863,
    -4.787859916687012,
    -6.804693698883057,
    -4.8592095375061035,
    -7.794895172119141,
    -1.8764209747314453,
    -2.5245118141174316,
    -0.7797043323516846,
    -4.646174430847168,
    -3.003943920135498,
    -4.035316467285156,
    -3.1980245113372803,
    -6.795979976654053,
    -2.7825112342834473,
    -2.7314815521240234,
    -0.010712862014770508,
    -5.528072357177734,
    -4.1290483474731445,
    -1.5781774520874023,
    -2.6952667236328125,
    -6.810361862182617,
    -2.6576685905456543,
    -3.2451696395874023,
    -0.3502984046936035,
    0.3365654945373535,
    -1.8597103357315063,
    -6.829657554626465,
    -2.2501285076141357,
    0.039656877517700195,
    -1.6166865825653076,
    -3.77927303314209,
    -4.564202308654785,
    -6.778083801269531,
    -4.3711748123168945,
    -1.3888591527938843,
    -3.0605456829071045,
    -3.9288489818573,
    -4.771844387054443,
    -0.979556679725647,
    -2.310929298400879,
    -0.9665135145187378,
    -5.988945007324219,
    -0.4132401943206787,
    -2.484586000442505,
    -4.523780822753906,
    -5.078981876373291,
    -0.8356802463531494,
    -1.1261659860610962,
    -4.989903450012207,
    -1.657923936843872,
    0.09479069709777832,
    -2.8650732040405273,
    -0.4942173957824707,
    -2.117060661315918,
    -3.8992528915405273,
    -5.813753128051758,
    -3.228869676589966,
    -2.167343854904175,
    -4.692274570465088,
    -0.6189305782318115,
    -0.6546339988708496,
    -4.781970977783203,
    -6.91652774810791,
    -7.499336242675781,
    -1.3851088285446167,
    -2.5183072090148926,
    -3.5585999488830566,
    -1.177357792854309,
    -0.11871719360351562,
    -1.3100299835205078,
    -1.2633278369903564,
    -1.2217662334442139,
    -2.481052875518799,
    -2.7506158351898193,
    -5.420347213745117,
    -3.832897663116455,
    -2.1909613609313965,
    -3.2005810737609863,
    -3.9195258617401123,
    -2.7253284454345703,
    -4.495393753051758,
    -0.21709966659545898,
    -1.5317535400390625,
    -1.162742018699646,
    -2.8047268390655518,
    -1.0770680904388428,
    -2.73034405708313,
    -2.2114808559417725,
    -2.887364625930786,
    -2.062770366668701,
    -1.4837104082107544,
    -4.180398941040039,
    -4.2535481452941895,
    -4.868800163269043,
    -4.9597930908203125,
    -4.739137172698975,
    -4.036663055419922,
    -2.3298919200897217,
    -3.0627431869506836,
    -0.47120237350463867,
    -2.230772018432617,
    -0.5912961959838867,
    -3.973106622695923,
    0.10752630233764648,
    -0.9169102907180786,
    -4.541104316711426,
    -1.612107753753662,
    -3.107081890106201,
    -3.9019722938537598,
    -8.005575180053711,
    -3.3700618743896484,
    -2.512021064758301,
    -9.110544204711914,
    -2.005652904510498,
    -2.9248270988464355,
    -0.6665489673614502,
    -1.859710454940796,
    -5.066300868988037,
    -3.689887046813965,
    -1.412926197052002,
    -1.9949426651000977,
    -1.1079241037368774,
    -1.8324064016342163,
    -1.8044885396957397,
    -3.7369468212127686,
    -1.449908971786499,
    -3.9964632987976074,
    -7.370773792266846,
    -3.931035041809082,
    -4.102048873901367,
    -4.833855628967285,
    -3.885610818862915,
    -7.235876560211182,
    -2.933472156524658,
    -8.31782341003418,
    0.08251619338989258,
    -1.8026007413864136,
    -2.052233934402466,
    -3.8659496307373047,
    -0.6277801990509033,
    -3.5691518783569336,
    -7.178112030029297,
    -3.003462314605713,
    -0.8059005737304688,
    -5.267357349395752,
    -0.6302049160003662,
    -4.217499256134033,
    -3.812382698059082,
    -0.4488856792449951,
    -4.387759685516357,
    -6.628986358642578,
    0.18736815452575684,
    -4.159189224243164,
    -0.5362458229064941,
    -3.2247354984283447,
    -4.240830421447754,
    -2.987809181213379,
    -4.894807815551758,
    -0.34356260299682617,
    -4.04862117767334,
    -2.809330940246582,
    -0.8668694496154785,
    -4.325298309326172,
    -1.3352254629135132,
    -2.485929012298584,
    -2.010249614715576,
    -0.16562843322753906,
    -0.8124451637268066,
    -5.110980033874512,
    -3.8642239570617676,
    -4.867417812347412,
    -3.6598598957061768,
    -9.032182693481445,
    -0.34127378463745117,
    -4.966331481933594,
    -7.545935153961182,
    -2.536587715148926,
    -2.740025758743286,
    -2.7840077877044678
  ],