{
  "n_train": 457,
  "n_test": 229,
  "epochs_run": 36,
  "best_epoch": 21,
  "train_time_s": 43.9,
  "rmse": 0.7288781000685283,
  "mae": 0.5688746704284802,
  "r2": 0.8779979217440809,
  "predictions": [
    -0.11461067199707031,
    -5.00125789642334,
    -5.333823204040527,
    -3.8587405681610107,
    -1.2547053098678589,
    -5.918857097625732,
    -0.6195237636566162,
    -4.319989204406738,
    -3.5685455799102783,
    -2.73523211479187,
    -2.46486759185791,
    -1.3670549392700195,
    -3.4650213718414307,
    -2.6187899112701416,
    -3.3613994121551514,
    -2.5444798469543457,
    -2.957526922225952,
    -5.035293102264404,
    -0.45498132705688477,
    -2.7482855319976807,
    -2.7229061126708984,
    -0.9808254241943359,
    -4.169088363647461,
    -2.5636038780212402,
    1.3514595031738281,
    -0.6406400203704834,
    -2.4051003456115723,
    -4.962601184844971,
    -3.5996415615081787,
    -3.3907647132873535,
    -2.106605052947998,
    -2.3113150596618652,
    -4.272913455963135,
    -1.2047427892684937,
    -1.656877875328064,
    -7.98992395401001,
    -0.19492578506469727,
    -1.4164890050888062,
    -1.5702319145202637,
    -2.228241205215454,
    -1.4931427240371704,
    -6.699491500854492,
    -2.312488317489624,
    -0.7494041919708252,
    -1.9564461708068848,
    -2.6796045303344727,
    -3.88313364982605,
    -1.6869620084762573,
    0.2946481704711914,
    -1.3459776639938354,
    -3.142214059829712,
    -2.291675567626953,
    -2.790588855743408,
    -3.0224297046661377,
    -5.6053361892700195,
    -6.320764541625977,
    -4.504410266876221,
    -2.9835221767425537,
    -1.558345079421997,
    -2.763530969619751,
    -4.320842742919922,
    -4.35081148147583,
    -0.3973960876464844,
    -0.49597597122192383,
    -2.1089296340942383,
    -1.7993967533111572,
    -2.851383686065674,
    -5.800867080688477,
    -2.458144187927246,
    -3.1889610290527344,
    -5.305080413818359,
    -3.2877659797668457,
    -2.8930201530456543,
    -4.6091485023498535,
    -3.4057703018188477,
    -0.8665015697479248,
    -0.8869295120239258,
    -1.6637279987335205,
    -5.495095729827881,
    -5.436210632324219,
    -0.9200050830841064,
    -3.066739082336426,
    -5.053823471069336,
    -1.9837558269500732,
    -3.20674467086792,
    -1.127156376838684,
    -4.730506896972656,
    1.2789998054504395,
    -1.2775570154190063,
    -3.6961965560913086,
    -6.185929298400879,
    -0.9593527317047119,
    -1.1411834955215454,
    -3.32357120513916,
    0.4983370304107666,
    -6.107684135437012,
    -3.784104347229004,
    -2.0228071212768555,
    -2.36637806892395,
    -5.719634532928467,
    -3.150890588760376,
    -4.018913269042969,
    -1.2940373420715332,
    -2.1175665855407715,
    -3.9803519248962402,
    -9.466265678405762,
    -5.433793544769287,
    -0.9722824096679688,
    -6.430704116821289,
    -2.744871139526367,
    -2.6580021381378174,
    -5.146852493286133,
    -5.131543159484863,
    -5.194574356079102,
    -2.9553725719451904,
    -0.8031332492828369,
    -1.8017796277999878,
    -2.83453106880188,
    -2.791692018508911,
    -0.16666197776794434,
    -0.5512664318084717,
    -3.525148868560791,
    -3.9878334999084473,
    -4.401262283325195,
    -2.4716062545776367,
    -4.704949378967285,
    -1.493274450302124,
    0.3652656078338623,
    -4.606398582458496,
    -3.7891952991485596,
    -0.8753635883331299,
    -2.85280704498291,
    -2.3602795600891113,
    -0.5394206047058105,
    -3.091940402984619,
    -5.704737186431885,
    -4.1904706954956055,
    -1.538987159729004,
    -0.5767388343811035,
    -2.2797739505767822,
    -3.815732479095459,
    -2.951564073562622,
    -2.7674338817596436,
    -2.540297031402588,
    -4.49652624130249,
    -7.5084028244018555,
    -3.956080675125122,
    -4.1526103019714355,
    -8.581558227539062,
    -1.7349623441696167,
    -1.1102551221847534,
    -1.1542503833770752,
    0.5842010974884033,
    -3.3572072982788086,
    -7.556741714477539,
    -4.329621315002441,
    -0.422954797744751,
    -4.443358421325684,
    -0.44913649559020996,
    -4.500852584838867,
    -5.381359100341797,
    0.42201805114746094,
    -3.708766222000122,
    -2.389002799987793,
    -5.15668249130249,
    -5.404292106628418,
    -4.134060382843018,
    -1.3879023790359497,
    -2.0096259117126465,
    -1.4818859100341797,
    -4.135232448577881,
    -0.4950435161590576,
    -0.25810742378234863,
    -3.8396544456481934,
    -1.865593433380127,
    -4.9520039558410645,
    -2.0466883182525635,
    -1.6757179498672485,
    -4.973565578460693,
    -3.455756664276123,
    -5.548150062561035,
    -1.9037960767745972,
    -2.6760294437408447,
    -1.623205304145813,
    -4.302302360534668,
    -4.231480598449707,
    -1.5044455528259277,
    -1.9256999492645264,
    -4.649608612060547,
    -0.8112790584564209,
    -6.28847599029541,
    -3.6669702529907227,
    -1.4652202129364014,
    -1.2369998693466187,
    -1.918612003326416,
    -2.554603338241577,
    -4.556905746459961,
    -1.2075176239013672,
    0.21720480918884277,
    -0.9992080926895142,
    -6.100420951843262,
    -0.6474447250366211,
    -1.4008989334106445,
    -2.952704429626465,
    -2.7532122135162354,
    -1.2895387411117554,
    -1.419358730316162,
    -3.601149559020996,
    -2.311880588531494,
    -0.37696290016174316,
    -1.6149678230285645,
    -2.3669047355651855,
    -3.9625632762908936,
    -4.693098068237305,
    -5.3040666580200195,
    -2.006124496459961,
    -4.575563907623291,
    -3.6123642921447754,
    -2.8430023193359375,
    -2.547295570373535,
    -2.817047357559204,
    -0.8259930610656738,
    -5.373696804046631,
    -0.6016325950622559,
    1.3196606636047363,
    -0.5367798805236816,
    0.03158307075500488,
    -4.34702205657959,
    -0.9751079082489014
  ],