{
  "n_train": 180,
  "n_test": 226,
  "target_column": "target",
  "epochs_run": 51,
  "best_epoch": 36,
  "train_time_s": 10.3,
  "rmse": 0.9167091253651355,
  "mae": 0.6572326506133628,
  "r2": 0.8222148093718663,
  "predictions": [
    -2.4313576221466064,
    -2.7758915424346924,
    -2.62066912651062,
    -2.230435848236084,
    -5.311977863311768,
    -1.1080807447433472,
    -4.0110249519348145,
    -1.5180588960647583,
    -7.91021728515625,
    -2.4537646770477295,
    -4.784694671630859,
    -1.8068561553955078,
    -3.2648816108703613,
    -1.885930061340332,
    -2.5454163551330566,
    -0.4635593891143799,
    -2.7241036891937256,
    -8.51119613647461,
    -2.60787034034729,
    -3.5737428665161133,
    -0.9685807228088379,
    -5.084869384765625,
    1.5500798225402832,
    -2.022963523864746,
    -1.2396917343139648,
    -7.06695556640625,
    -0.25490498542785645,
    -0.6941301822662354,
    -2.095853328704834,
    -1.6408345699310303,
    -1.4775621891021729,
    -6.348656177520752,
    -3.6189663410186768,
    -1.973130702972412,
    -2.1180386543273926,
    -2.29733943939209,
    -3.5036299228668213,
    -0.8487253189086914,
    -4.591245174407959,
    -4.940186500549316,
    -1.2232201099395752,
    -5.370772361755371,
    -4.367851257324219,
    -6.389716625213623,
    -7.646447658538818,
    -4.618409633636475,
    -5.000673294067383,
    -2.7933411598205566,
    -4.244246482849121,
    -5.0578508377075195,
    -4.473252773284912,
    -7.270366668701172,
    -1.7678308486938477,
    -2.220926523208618,
    -1.025134563446045,
    -4.306431770324707,
    -2.218130350112915,
    -3.9964842796325684,
    -2.5335233211517334,
    -4.953151226043701,
    -2.9131343364715576,
    -3.0293266773223877,
    -0.1708228588104248,
    -4.005727767944336,
    -3.9426896572113037,
    -2.1008787155151367,
    -2.7875008583068848,
    -5.3873291015625,
    -2.387178897857666,
    -3.895928144454956,
    -0.5276710987091064,
    -0.11283159255981445,
    -2.686501979827881,
    -5.2612385749816895,
    -2.1489577293395996,
    -0.7900421619415283,
    -1.8628793954849243,
    -3.9076168537139893,
    -3.4314842224121094,
    -6.109119415283203,
    -3.2372632026672363,
    -1.623721718788147,
    -3.510232448577881,
    -3.6582765579223633,
    -4.898420810699463,
    -2.0737836360931396,
    -2.351006031036377,
    -1.7173129320144653,
    -5.296741485595703,
    -0.3806183338165283,
    -2.0380403995513916,
    -3.8474249839782715,
    -4.5931396484375,
    -0.8016867637634277,
    -1.6632097959518433,
    -3.9059619903564453,
    -0.7778887748718262,
    -0.010738849639892578,
    -2.0642948150634766,
    -0.15850210189819336,
    -2.397172451019287,
    -3.5387139320373535,
    -5.68900728225708,
    -2.9909844398498535,
    -2.1426525115966797,
    -3.9951975345611572,
    -2.0049195289611816,
    -0.7781214714050293,
    -4.832983493804932,
    -5.38271951675415,
    -7.002574920654297,
    -2.542179584503174,
    -2.3602702617645264,
    -3.480025291442871,
    -1.2509607076644897,
    -0.12737083435058594,
    -1.6749613285064697,
    -1.6049269437789917,
    -1.183092713356018,
    -2.5982046127319336,
    -2.2283730506896973,
    -3.85573410987854,
    -3.29270076751709,
    -2.715620517730713,
    -2.5000884532928467,
    -3.187939167022705,
    -2.627302885055542,
    -4.607588291168213,
    -0.5257744789123535,
    -1.047097086906433,
    -1.01469087600708,
    -3.3565573692321777,
    -2.1750895977020264,
    -2.8451342582702637,
    -2.3307292461395264,
    -2.745049476623535,
    -1.8814918994903564,
    -3.356766700744629,
    -3.734224796295166,
    -4.221752166748047,
    -3.2201271057128906,
    -4.95168399810791,
    -3.8099188804626465,
    -3.341463565826416,
    -2.7295455932617188,
    -2.613332986831665,
    -1.0429227352142334,
    -3.24409556388855,
    -1.7171555757522583,
    -3.9224328994750977,
    -0.2708432674407959,
    -1.0389277935028076,
    -3.5424985885620117,
    -1.4675251245498657,
    -2.162290096282959,
    -3.251614809036255,
    -7.4218363761901855,
    -3.1034998893737793,
    -2.3546664714813232,
    -8.409971237182617,
    -1.302162766456604,
    -3.464585065841675,
    -0.9021182060241699,
    -2.686501979827881,
    -4.733256816864014,
    -3.8445277214050293,
    -1.835968017578125,
    -1.893018364906311,
    -2.273772716522217,
    -1.7881519794464111,
    -1.838637351989746,
    -3.6712236404418945,
    -2.223558187484741,
    -4.033957481384277,
    -5.67335319519043,
    -3.534905195236206,
    -3.6017966270446777,
    -4.647276878356934,
    -3.9429078102111816,
    -6.634106636047363,
    -2.869858503341675,
    -7.369001865386963,
    -0.5497496128082275,
    -1.546468734741211,
    -1.9658353328704834,
    -3.8244106769561768,
    -1.4225664138793945,
    -2.5024075508117676,
    -7.529731750488281,
    -2.272700309753418,
    -0.9907610416412354,
    -5.374612808227539,
    -1.2567206621170044,
    -3.62884783744812,
    -3.6870312690734863,
    -0.016774415969848633,
    -3.7407751083374023,
    -6.95914363861084,
    0.13039255142211914,
    -4.153069019317627,
    -0.8519537448883057,
    -3.1466755867004395,
    -3.44749116897583,
    -3.0176479816436768,
    -4.515679359436035,
    -0.03426074981689453,
    -3.817066192626953,
    -2.7406561374664307,
    -0.4446749687194824,
    -3.9157166481018066,
    -1.4409456253051758,
    -2.421560764312744,
    -1.287587285041809,
    -0.60310959815979,
    -1.1471755504608154,
    -3.3429312705993652,
    -3.8731584548950195,
    -4.6955413818359375,
    -4.110641002655029,
    -8.521262168884277,
    -0.07705974578857422,
    -4.419321060180664,
    -7.234240531921387,
    -2.6674461364746094,
    -3.1351537704467773,
    -3.30011248588562
  ],