{
  "n_train": 915,
  "n_test": 229,
  "epochs_run": 37,
  "best_epoch": 22,
  "train_time_s": 82.6,
  "rmse": 0.6085764105235723,
  "mae": 0.444109865151118,
  "r2": 0.9149473863152933,
  "predictions": [
    -0.622098445892334,
    -5.9456634521484375,
    -4.858730792999268,
    -3.5669310092926025,
    -0.5022411346435547,
    -5.655152320861816,
    -0.5666711330413818,
    -4.102821350097656,
    -3.6062052249908447,
    -2.630532741546631,
    -2.018126964569092,
    -1.5083351135253906,
    -3.501218795776367,
    -3.4450719356536865,
    -3.8831615447998047,
    -2.0881762504577637,
    -2.927436590194702,
    -5.609864234924316,
    -0.9365012645721436,
    -1.929961085319519,
    -3.01237416267395,
    -1.5787818431854248,
    -4.337374687194824,
    -2.711878538131714,
    1.5259172916412354,
    -0.8485491275787354,
    -2.7814149856567383,
    -5.7640886306762695,
    -3.470625400543213,
    -3.8196306228637695,
    -1.3221684694290161,
    -2.637587547302246,
    -4.094762802124023,
    -1.527963638305664,
    -1.989691138267517,
    -8.428436279296875,
    -0.43410325050354004,
    -1.1713767051696777,
    -2.089179754257202,
    -1.5106582641601562,
    -1.5704070329666138,
    -7.30766487121582,
    -1.9608434438705444,
    -1.2129247188568115,
    -2.2458369731903076,
    -2.5370640754699707,
    -3.6881532669067383,
    -1.3709479570388794,
    0.051511526107788086,
    -1.8100550174713135,
    -3.4856247901916504,
    -1.7722599506378174,
    -2.4130635261535645,
    -3.3808858394622803,
    -5.553603172302246,
    -6.783987045288086,
    -5.233892440795898,
    -3.1169943809509277,
    -0.9544353485107422,
    -2.3574323654174805,
    -4.298124313354492,
    -4.045136451721191,
    -1.1416689157485962,
    -0.6681954860687256,
    -2.38775372505188,
    -1.7000560760498047,
    -2.0640740394592285,
    -6.944954872131348,
    -2.366084098815918,
    -2.6589183807373047,
    -5.665283679962158,
    -3.3603503704071045,
    -3.3337671756744385,
    -4.642292499542236,
    -3.0257556438446045,
    -0.6953837871551514,
    -0.8190042972564697,
    -1.584693431854248,
    -5.6177778244018555,
    -5.71223258972168,
    -1.0578515529632568,
    -3.0231659412384033,
    -6.288362503051758,
    -2.570732831954956,
    -3.4242067337036133,
    -1.252494215965271,
    -4.683905124664307,
    1.0526883602142334,
    -1.6554654836654663,
    -4.337531089782715,
    -5.920021057128906,
    -0.3030664920806885,
    -1.1601405143737793,
    -2.7769410610198975,
    0.8659689426422119,
    -6.833256721496582,
    -4.137063026428223,
    -1.9357666969299316,
    -2.5204334259033203,
    -5.488738059997559,
    -3.460869073867798,
    -4.4392852783203125,
    -1.3417598009109497,
    -2.15879487991333,
    -3.9243576526641846,
    -10.431439399719238,
    -6.000602722167969,
    -0.9376614093780518,
    -6.889479637145996,
    -3.489318609237671,
    -2.480577230453491,
    -4.822913646697998,
    -5.555421352386475,
    -5.510764122009277,
    -2.435434103012085,
    -0.8373751640319824,
    -2.3105170726776123,
    -3.66666316986084,
    -2.3780455589294434,
    0.18057632446289062,
    -1.150918960571289,
    -2.933600664138794,
    -3.89625883102417,
    -4.753554821014404,
    -2.728527545928955,
    -3.9883618354797363,
    -1.481475591659546,
    0.7367801666259766,
    -4.35516881942749,
    -4.3624420166015625,
    -0.7052865028381348,
    -2.5352654457092285,
    -2.8077051639556885,
    -0.8557102680206299,
    -2.7954061031341553,
    -6.375120162963867,
    -4.358549118041992,
    -1.6607325077056885,
    -0.9668710231781006,
    -1.9361343383789062,
    -3.494236707687378,
    -3.482032537460327,
    -2.6513774394989014,
    -2.4469456672668457,
    -4.569341659545898,
    -7.799141883850098,
    -4.153644561767578,
    -4.083771228790283,
    -9.216497421264648,
    -1.8802086114883423,
    -0.7129685878753662,
    -1.5153878927230835,
    0.5339009761810303,
    -3.383303642272949,
    -7.95821475982666,
    -3.8964731693267822,
    -0.0059773921966552734,
    -5.041130065917969,
    -0.12403488159179688,
    -3.9791738986968994,
    -6.461692810058594,
    -0.2888216972351074,
    -3.9626829624176025,
    -2.457111358642578,
    -5.232288360595703,
    -5.085399627685547,
    -4.57845401763916,
    -1.2739241123199463,
    -1.950222373008728,
    -2.1179327964782715,
    -4.673340797424316,
    -0.965904951095581,
    -0.23987340927124023,
    -3.679469585418701,
    -1.7984496355056763,
    -6.466882705688477,
    -2.453761100769043,
    -1.449318289756775,
    -4.539011001586914,
    -3.7166097164154053,
    -5.217922210693359,
    -2.112529993057251,
    -2.2733607292175293,
    -1.2765861749649048,
    -4.830439567565918,
    -4.948408126831055,
    -1.644431233406067,
    -1.6739808320999146,
    -5.326425075531006,
    -0.9715933799743652,
    -6.6085004806518555,
    -3.0542471408843994,
    -1.8114256858825684,
    -1.4200235605239868,
    -2.602663516998291,
    -2.7344002723693848,
    -4.337105751037598,
    -0.5766079425811768,
    0.03308701515197754,
    -1.6789147853851318,
    -6.723420143127441,
    -0.09178590774536133,
    -0.6847560405731201,
    -3.340348482131958,
    -2.446244716644287,
    -1.4345901012420654,
    -1.0159058570861816,
    -3.8846209049224854,
    -2.3301239013671875,
    -0.21311736106872559,
    -2.3253281116485596,
    -2.561464309692383,
    -4.047530651092529,
    -4.844428539276123,
    -5.19141960144043,
    -2.2907376289367676,
    -4.599067687988281,
    -3.581681489944458,
    -2.891357421875,
    -3.0905611515045166,
    -2.7127208709716797,
    -1.0189027786254883,
    -6.586050033569336,
    -0.7477209568023682,
    1.384361982345581,
    -0.8553924560546875,
    -0.5548152923583984,
    -4.035764217376709,
    -1.0948010683059692
  ],