{
  "n_train": 902,
  "n_test": 226,
  "target_column": "target",
  "epochs_run": 79,
  "best_epoch": 64,
  "train_time_s": 45.5,
  "rmse": 0.5791604509310249,
  "mae": 0.42424453201547135,
  "r2": 0.929037280051306,
  "predictions": [
    -2.1815032958984375,
    -2.149524211883545,
    -2.055960178375244,
    -2.6339471340179443,
    -6.829291343688965,
    -1.395348072052002,
    -4.016590595245361,
    -1.7646523714065552,
    -8.627888679504395,
    -2.975001335144043,
    -4.708770751953125,
    -0.6485898494720459,
    -3.687803268432617,
    -2.2198173999786377,
    -3.1929357051849365,
    -0.6017465591430664,
    -2.354401111602783,
    -8.98852252960205,
    -3.2407188415527344,
    -3.7437994480133057,
    -1.5130047798156738,
    -6.13637638092041,
    1.0800585746765137,
    -1.755257248878479,
    -1.6204198598861694,
    -7.5363969802856445,
    -0.5540065765380859,
    -0.48381829261779785,
    -1.624380350112915,
    -1.6469900608062744,
    -1.684231162071228,
    -6.336311340332031,
    -3.7661545276641846,
    -1.8145219087600708,
    -2.586782455444336,
    -1.7953675985336304,
    -4.321863174438477,
    -0.31557536125183105,
    -4.749908924102783,
    -6.909650802612305,
    -1.4460543394088745,
    -7.391714572906494,
    -4.465378284454346,
    -6.151838302612305,
    -7.567570209503174,
    -4.763757228851318,
    -3.827122688293457,
    -3.25142765045166,
    -5.235970973968506,
    -7.314022064208984,
    -4.979127883911133,
    -8.382436752319336,
    -1.6793959140777588,
    -2.4256701469421387,
    -0.9156646728515625,
    -4.25075626373291,
    -2.0520572662353516,
    -4.2629170417785645,
    -3.12638783454895,
    -6.4061479568481445,
    -2.784557819366455,
    -2.6124184131622314,
    -0.08205032348632812,
    -5.779703617095947,
    -3.8212764263153076,
    -1.7910622358322144,
    -2.3718905448913574,
    -6.415865421295166,
    -2.1594159603118896,
    -3.192004919052124,
    -0.31187939643859863,
    0.9325389862060547,
    -2.116456985473633,
    -4.728816986083984,
    -2.4419219493865967,
    0.3004181385040283,
    -1.7289962768554688,
    -3.6056389808654785,
    -4.4518208503723145,
    -6.316220283508301,
    -4.445795059204102,
    -1.517917513847351,
    -3.0226187705993652,
    -3.5619773864746094,
    -4.938970565795898,
    -1.310149908065796,
    -2.410635471343994,
    -0.27168917655944824,
    -6.103513717651367,
    -0.4088327884674072,
    -2.935631513595581,
    -4.308770179748535,
    -4.732672691345215,
    -0.7439868450164795,
    -1.4970391988754272,
    -4.1862897872924805,
    -1.0158360004425049,
    0.18280458450317383,
    -2.209040641784668,
    0.3788580894470215,
    -1.8718079328536987,
    -3.3616011142730713,
    -5.893202781677246,
    -3.347201108932495,
    -1.698412537574768,
    -4.0285210609436035,
    -0.72231125831604,
    -0.7098066806793213,
    -5.084697723388672,
    -7.593873977661133,
    -8.13060188293457,
    -1.3196218013763428,
    -2.4289660453796387,
    -2.5211057662963867,
    -1.6568371057510376,
    -0.31784844398498535,
    -1.082912802696228,
    -1.5263875722885132,
    -1.2243218421936035,
    -2.86266827583313,
    -2.6545019149780273,
    -5.37136173248291,
    -2.9811816215515137,
    -2.125819206237793,
    -2.7166922092437744,
    -3.8662047386169434,
    -2.4717047214508057,
    -5.060401916503906,
    -0.31057071685791016,
    -0.6272625923156738,
    -0.9798681735992432,
    -2.50243878364563,
    -1.768117904663086,
    -2.86423921585083,
    -2.2558329105377197,
    -2.742652177810669,
    -2.8433327674865723,
    -1.5489145517349243,
    -4.553916931152344,
    -3.8673951625823975,
    -4.708377838134766,
    -5.434656143188477,
    -4.337876796722412,
    -3.8296477794647217,
    -2.395787239074707,
    -2.8672728538513184,
    -1.0583922863006592,
    -1.9643574953079224,
    0.16147089004516602,
    -3.7195839881896973,
    -0.0056896209716796875,
    -0.9943680763244629,
    -4.252903461456299,
    -1.4964897632598877,
    -2.2733325958251953,
    -3.8483901023864746,
    -7.29002046585083,
    -3.2035999298095703,
    -2.693134307861328,
    -8.77713394165039,
    -2.119945526123047,
    -2.9316787719726562,
    -0.0210723876953125,
    -2.116456985473633,
    -4.849059581756592,
    -3.425386428833008,
    -1.7102471590042114,
    -1.8362903594970703,
    -0.6982624530792236,
    -1.60590398311615,
    -1.8056927919387817,
    -3.7532522678375244,
    -1.033158779144287,
    -4.362454891204834,
    -7.4837470054626465,
    -3.941047191619873,
    -3.3492462635040283,
    -4.875115394592285,
    -3.6065802574157715,
    -7.4717841148376465,
    -2.816878080368042,
    -8.041645050048828,
    0.1517043113708496,
    -1.5302492380142212,
    -2.240382671356201,
    -3.696398973464966,
    -0.8208775520324707,
    -3.380673408508301,
    -7.82615327835083,
    -2.781010627746582,
    -0.8377091884613037,
    -5.209291458129883,
    -0.5119266510009766,
    -3.3645801544189453,
    -3.640377998352051,
    -0.872861385345459,
    -4.09403133392334,
    -7.2400898933410645,
    0.010890960693359375,
    -4.075966835021973,
    -0.4576246738433838,
    -3.6785964965820312,
    -3.2034530639648438,
    -2.6726207733154297,
    -4.419867992401123,
    -0.37748050689697266,
    -4.08216667175293,
    -2.7352261543273926,
    -0.9949028491973877,
    -4.4112324714660645,
    -1.926769495010376,
    -3.5906407833099365,
    -1.7244246006011963,
    -0.06621932983398438,
    -1.1762593984603882,
    -5.557936668395996,
    -3.814703941345215,
    -4.940799236297607,
    -4.086184501647949,
    -8.603214263916016,
    -0.08863234519958496,
    -4.394073486328125,
    -6.306676387786865,
    -2.7810778617858887,
    -2.3803353309631348,
    -3.2883293628692627
  ],