{
  "n_train": 732,
  "n_test": 229,
  "epochs_run": 72,
  "best_epoch": 57,
  "train_time_s": 112.2,
  "rmse": 0.5782520259772692,
  "mae": 0.414049715974966,
  "r2": 0.9232122739570936,
  "predictions": [
    -0.8676908016204834,
    -6.030836582183838,
    -4.788788795471191,
    -3.4160735607147217,
    -0.463486909866333,
    -5.246814727783203,
    -0.430696964263916,
    -4.414264678955078,
    -4.067390441894531,
    -2.2217864990234375,
    -1.8056622743606567,
    -1.1143779754638672,
    -3.1879472732543945,
    -3.1781136989593506,
    -4.087658882141113,
    -1.9727648496627808,
    -3.2833189964294434,
    -4.958750247955322,
    -1.0050809383392334,
    -2.0870463848114014,
    -3.4336354732513428,
    -1.3527915477752686,
    -4.309048652648926,
    -2.474269390106201,
    1.9095311164855957,
    -0.8609354496002197,
    -2.7963976860046387,
    -5.7491278648376465,
    -3.571105480194092,
    -3.5646164417266846,
    -1.7619858980178833,
    -2.5083937644958496,
    -3.9092702865600586,
    -1.5902411937713623,
    -1.975459337234497,
    -8.163094520568848,
    -0.43918585777282715,
    -1.1861770153045654,
    -2.1137189865112305,
    -1.8470532894134521,
    -1.7220659255981445,
    -7.455749034881592,
    -2.443476676940918,
    -1.1362255811691284,
    -1.8900395631790161,
    -2.2590250968933105,
    -3.7273426055908203,
    -1.5883677005767822,
    0.027204513549804688,
    -1.7093572616577148,
    -3.296299457550049,
    -1.4738130569458008,
    -2.465761661529541,
    -3.068730354309082,
    -5.700263023376465,
    -6.176763534545898,
    -5.133254051208496,
    -3.1876754760742188,
    -1.1987402439117432,
    -2.354015827178955,
    -4.357731819152832,
    -4.6238627433776855,
    -1.4243080615997314,
    -0.8775911331176758,
    -2.4627110958099365,
    -1.6943906545639038,
    -1.8430702686309814,
    -6.972230911254883,
    -2.0365068912506104,
    -2.468867301940918,
    -5.730395793914795,
    -3.874847412109375,
    -2.7832491397857666,
    -5.158538818359375,
    -2.553525924682617,
    -0.6554539203643799,
    -0.8471176624298096,
    -1.4612202644348145,
    -6.66987419128418,
    -5.080972194671631,
    -1.3291714191436768,
    -3.3109097480773926,
    -6.221438407897949,
    -2.543835163116455,
    -3.374979019165039,
    -1.3737633228302002,
    -5.468319892883301,
    0.6461501121520996,
    -1.9110743999481201,
    -3.7221975326538086,
    -6.848021507263184,
    -0.3037590980529785,
    -0.6611406803131104,
    -3.132603883743286,
    0.5867648124694824,
    -6.709143161773682,
    -3.76590633392334,
    -2.23368239402771,
    -2.60339617729187,
    -5.753486633300781,
    -3.531805992126465,
    -4.3547892570495605,
    -1.151997447013855,
    -2.2813854217529297,
    -3.872706174850464,
    -10.276361465454102,
    -5.699486255645752,
    -0.8817760944366455,
    -6.808577537536621,
    -3.3716697692871094,
    -2.4002671241760254,
    -4.818844795227051,
    -4.997247695922852,
    -5.151238441467285,
    -2.5627708435058594,
    -0.9765629768371582,
    -2.5065698623657227,
    -3.624051332473755,
    -2.7284204959869385,
    0.22086811065673828,
    -1.250330924987793,
    -2.4580180644989014,
    -4.308834552764893,
    -4.654592990875244,
    -2.569063663482666,
    -3.3624613285064697,
    -1.890078067779541,
    0.5264947414398193,
    -3.9016332626342773,
    -4.066008567810059,
    -0.7684082984924316,
    -2.268197536468506,
    -2.7701385021209717,
    -0.9743688106536865,
    -2.653101682662964,
    -6.274545669555664,
    -4.809048652648926,
    -1.6217036247253418,
    -0.9010696411132812,
    -1.6518441438674927,
    -3.2838077545166016,
    -3.444662570953369,
    -2.976825714111328,
    -2.7581489086151123,
    -4.477303981781006,
    -7.177191257476807,
    -4.697513103485107,
    -4.811000823974609,
    -8.793569564819336,
    -1.6275712251663208,
    -0.8772187232971191,
    -1.5374412536621094,
    1.202467918395996,
    -3.9796066284179688,
    -7.49336051940918,
    -3.483271598815918,
    0.32732725143432617,
    -4.971672058105469,
    -0.5297410488128662,
    -4.153687477111816,
    -6.952679634094238,
    -0.11258220672607422,
    -4.383345127105713,
    -2.420297145843506,
    -5.416908264160156,
    -5.119292259216309,
    -4.6267571449279785,
    -1.3352774381637573,
    -2.15140438079834,
    -2.3499114513397217,
    -4.815046787261963,
    -0.9253342151641846,
    -0.4918513298034668,
    -3.363992691040039,
    -1.3947104215621948,
    -6.267618179321289,
    -2.287716865539551,
    -1.5418428182601929,
    -4.797985076904297,
    -4.34792423248291,
    -5.387621879577637,
    -2.076836109161377,
    -2.0967113971710205,
    -1.3359769582748413,
    -4.788978576660156,
    -4.64467716217041,
    -1.2156623601913452,
    -1.6493864059448242,
    -4.823270797729492,
    -0.7695786952972412,
    -6.396709442138672,
    -3.073746681213379,
    -1.8553236722946167,
    -1.4851289987564087,
    -2.5721540451049805,
    -2.6812682151794434,
    -4.741714000701904,
    -0.2236025333404541,
    -0.0995938777923584,
    -1.4977613687515259,
    -5.681838035583496,
    -0.5160534381866455,
    -0.4649677276611328,
    -3.5232157707214355,
    -2.5607566833496094,
    -1.4613887071609497,
    -0.9293181896209717,
    -3.846884250640869,
    -2.1765291690826416,
    -0.529810905456543,
    -2.4806182384490967,
    -2.6486897468566895,
    -5.0534515380859375,
    -4.84459924697876,
    -5.398247241973877,
    -2.216146469116211,
    -4.353314399719238,
    -3.3313004970550537,
    -2.410534143447876,
    -3.1830456256866455,
    -2.438061475753784,
    -0.8676552772521973,
    -7.0342535972595215,
    -0.7211837768554688,
    0.9487318992614746,
    -0.9730010032653809,
    -0.6027510166168213,
    -4.7425103187561035,
    -1.1681145429611206
  ],