{
  "n_train": 180,
  "n_test": 226,
  "target_column": "target",
  "epochs_run": 51,
  "best_epoch": 36,
  "train_time_s": 9.8,
  "rmse": 0.9076069742365037,
  "mae": 0.6454199462865307,
  "r2": 0.8257277968804018,
  "predictions": [
    -2.3957409858703613,
    -2.5087203979492188,
    -2.6306936740875244,
    -2.1887693405151367,
    -5.474853515625,
    -1.1360200643539429,
    -4.163157939910889,
    -1.4050010442733765,
    -7.907397270202637,
    -2.432945728302002,
    -4.565302848815918,
    -1.6449236869812012,
    -3.226696252822876,
    -1.7610669136047363,
    -2.4468588829040527,
    -0.435805082321167,
    -2.629254102706909,
    -7.893542766571045,
    -2.5960938930511475,
    -3.734473466873169,
    -0.8826901912689209,
    -5.125036239624023,
    1.6089329719543457,
    -1.8919999599456787,
    -1.0972700119018555,
    -7.082965850830078,
    -0.21786165237426758,
    -0.6412131786346436,
    -1.8688291311264038,
    -1.6905802488327026,
    -1.376200795173645,
    -6.25534200668335,
    -3.508808135986328,
    -1.9547991752624512,
    -2.1678214073181152,
    -2.1069531440734863,
    -3.655388832092285,
    -0.8162496089935303,
    -4.398598670959473,
    -4.865269660949707,
    -1.2470619678497314,
    -5.348081111907959,
    -4.395580768585205,
    -6.266222953796387,
    -7.655426979064941,
    -4.786048412322998,
    -5.306731224060059,
    -2.976449966430664,
    -3.9468233585357666,
    -4.99432373046875,
    -4.252195835113525,
    -7.431081771850586,
    -1.5907200574874878,
    -2.1407928466796875,
    -0.8666832447052002,
    -4.539394378662109,
    -2.0674617290496826,
    -3.9048006534576416,
    -2.5653767585754395,
    -4.958467483520508,
    -2.6959097385406494,
    -2.7346560955047607,
    -0.059763193130493164,
    -3.953579902648926,
    -4.0901899337768555,
    -1.8758119344711304,
    -2.540764808654785,
    -5.574811935424805,
    -2.3171145915985107,
    -3.7401890754699707,
    -0.47554779052734375,
    0.08360695838928223,
    -2.411137104034424,
    -5.407231330871582,
    -2.037381887435913,
    -0.6449339389801025,
    -1.7497762441635132,
    -3.7904610633850098,
    -3.3574557304382324,
    -6.27784538269043,
    -3.342219829559326,
    -1.5309473276138306,
    -3.230715274810791,
    -3.7944693565368652,
    -4.625090599060059,
    -2.0826640129089355,
    -2.387909173965454,
    -1.3960239887237549,
    -5.312422752380371,
    -0.43615198135375977,
    -2.070270538330078,
    -3.8362860679626465,
    -4.379263401031494,
    -0.6945469379425049,
    -1.5588575601577759,
    -4.122180938720703,
    -0.7465403079986572,
    -0.019988298416137695,
    -2.1123642921447754,
    -0.08706998825073242,
    -2.330738067626953,
    -3.310655117034912,
    -5.8210859298706055,
    -3.048286199569702,
    -2.1534719467163086,
    -4.031996250152588,
    -2.007096290588379,
    -0.7374331951141357,
    -4.7150187492370605,
    -5.40509557723999,
    -7.1510748863220215,
    -2.6302478313446045,
    -2.4502480030059814,
    -3.7616541385650635,
    -1.0004596710205078,
    -0.15656137466430664,
    -1.3212814331054688,
    -1.304616093635559,
    -0.9621038436889648,
    -2.6669812202453613,
    -2.3066537380218506,
    -3.9400370121002197,
    -3.1935994625091553,
    -2.4844658374786377,
    -2.4567317962646484,
    -3.3439061641693115,
    -2.62746524810791,
    -4.548128604888916,
    -0.5290184020996094,
    -0.744936466217041,
    -0.9859704971313477,
    -3.0650579929351807,
    -1.7198232412338257,
    -2.8494246006011963,
    -2.244642496109009,
    -2.811284065246582,
    -1.6683958768844604,
    -3.2146637439727783,
    -3.757953643798828,
    -4.0736083984375,
    -3.117309331893921,
    -4.8142900466918945,
    -3.954848527908325,
    -3.4167394638061523,
    -2.5648012161254883,
    -2.5849430561065674,
    -0.9630424976348877,
    -3.11651873588562,
    -1.707016110420227,
    -4.020678997039795,
    -0.2648651599884033,
    -1.029083251953125,
    -3.719179391860962,
    -1.456292986869812,
    -2.0584728717803955,
    -3.1086642742156982,
    -7.493202209472656,
    -3.1769843101501465,
    -2.21671199798584,
    -8.385965347290039,
    -1.2138164043426514,
    -3.126633405685425,
    -0.5769047737121582,
    -2.4111366271972656,
    -4.601200103759766,
    -3.8089683055877686,
    -1.6089433431625366,
    -1.9840447902679443,
    -2.091209888458252,
    -1.792283535003662,
    -1.7368624210357666,
    -3.735607385635376,
    -2.086413621902466,
    -4.035179138183594,
    -5.705401420593262,
    -3.570535182952881,
    -3.4551470279693604,
    -4.433985710144043,
    -4.093993663787842,
    -6.730547904968262,
    -2.896698236465454,
    -7.4245924949646,
    -0.5857565402984619,
    -1.5293476581573486,
    -1.923916220664978,
    -3.843674659729004,
    -1.2711628675460815,
    -2.3877763748168945,
    -7.433749675750732,
    -2.4463722705841064,
    -0.8964488506317139,
    -5.340390205383301,
    -1.2108712196350098,
    -3.80183744430542,
    -3.7089755535125732,
    -0.01631617546081543,
    -3.8773765563964844,
    -6.973964691162109,
    0.08035063743591309,
    -3.93870210647583,
    -0.6738786697387695,
    -3.009646415710449,
    -3.5370333194732666,
    -2.994943141937256,
    -4.267144680023193,
    -0.11760997772216797,
    -3.746953010559082,
    -2.738626718521118,
    -0.5684688091278076,
    -3.737844944000244,
    -1.4986186027526855,
    -2.441270589828491,
    -1.2973849773406982,
    -0.563601016998291,
    -1.1288918256759644,
    -3.4080238342285156,
    -3.725796699523926,
    -4.607001304626465,
    -4.0131611824035645,
    -8.457067489624023,
    0.0734097957611084,
    -4.690967559814453,
    -7.85156774520874,
    -2.582136869430542,
    -2.8968875408172607,
    -3.1447854042053223
  ],