{
  "n_train": 721,
  "n_test": 226,
  "target_column": "target",
  "epochs_run": 79,
  "best_epoch": 64,
  "train_time_s": 38.7,
  "rmse": 0.6250827049059768,
  "mae": 0.4598576015075751,
  "r2": 0.9173377197945329,
  "predictions": [
    -2.2036402225494385,
    -1.8224613666534424,
    -2.090334415435791,
    -2.2647969722747803,
    -7.121152877807617,
    -1.201897382736206,
    -3.9757394790649414,
    -1.4734599590301514,
    -8.32684326171875,
    -2.520407199859619,
    -4.502400875091553,
    -0.346721887588501,
    -3.359954357147217,
    -2.226613998413086,
    -2.658456802368164,
    -0.5852196216583252,
    -2.1870651245117188,
    -9.56510066986084,
    -3.401132106781006,
    -3.8741681575775146,
    -1.344164252281189,
    -6.742369651794434,
    0.8628730773925781,
    -1.8423967361450195,
    -1.5781893730163574,
    -7.523054122924805,
    -0.4747049808502197,
    -0.30722975730895996,
    -1.0953400135040283,
    -1.5807210206985474,
    -1.4330650568008423,
    -6.451632499694824,
    -3.6502456665039062,
    -1.7337918281555176,
    -2.3524651527404785,
    -1.86856210231781,
    -3.9058122634887695,
    -0.4398679733276367,
    -4.762517929077148,
    -6.558798313140869,
    -1.222918152809143,
    -7.185820579528809,
    -4.363677024841309,
    -5.7523956298828125,
    -7.587848663330078,
    -5.11903190612793,
    -4.092471122741699,
    -2.964021921157837,
    -5.232922554016113,
    -6.522095203399658,
    -4.948534965515137,
    -8.44369888305664,
    -1.6092870235443115,
    -2.500237226486206,
    -0.7900121212005615,
    -3.9009854793548584,
    -2.2028825283050537,
    -4.228876113891602,
    -2.8907718658447266,
    -6.526005744934082,
    -2.667424440383911,
    -2.3852109909057617,
    -0.1528763771057129,
    -5.603757381439209,
    -3.801048994064331,
    -1.8941162824630737,
    -2.1622414588928223,
    -6.916138648986816,
    -2.2230494022369385,
    -3.152498960494995,
    -0.12833952903747559,
    0.5345251560211182,
    -2.027472496032715,
    -5.657132148742676,
    -2.1349563598632812,
    0.6415178775787354,
    -1.7695270776748657,
    -3.8435535430908203,
    -4.1781206130981445,
    -6.572169780731201,
    -4.5110626220703125,
    -1.5162421464920044,
    -2.9331462383270264,
    -3.343425989151001,
    -4.925351142883301,
    -0.8961057662963867,
    -2.2234113216400146,
    -0.34310054779052734,
    -5.846512317657471,
    -0.5727522373199463,
    -1.9613397121429443,
    -4.176563262939453,
    -4.411309719085693,
    -0.7052781581878662,
    -1.4424726963043213,
    -4.637106418609619,
    -1.2942993640899658,
    -0.18069100379943848,
    -2.256549835205078,
    0.14719891548156738,
    -1.72500479221344,
    -3.225618600845337,
    -6.272841453552246,
    -3.2284631729125977,
    -1.622481346130371,
    -3.5186941623687744,
    -0.7733807563781738,
    -0.6686973571777344,
    -4.783920764923096,
    -6.925074100494385,
    -8.11387825012207,
    -1.0759589672088623,
    -2.375046730041504,
    -2.7007861137390137,
    -1.2881028652191162,
    -0.2813124656677246,
    -1.3445475101470947,
    -1.5273950099945068,
    -1.302363395690918,
    -2.7433218955993652,
    -2.3452277183532715,
    -5.422211647033691,
    -3.119676351547241,
    -1.88400399684906,
    -2.4702441692352295,
    -3.7301206588745117,
    -2.253859043121338,
    -5.194807052612305,
    -0.17014384269714355,
    -1.2703826427459717,
    -1.0765039920806885,
    -2.394317865371704,
    -1.5727691650390625,
    -2.738008975982666,
    -2.007046937942505,
    -2.3113179206848145,
    -2.532918930053711,
    -1.2431294918060303,
    -4.628989219665527,
    -4.136549949645996,
    -4.619907379150391,
    -5.205547332763672,
    -3.900243043899536,
    -3.541395902633667,
    -2.3142566680908203,
    -2.824796199798584,
    -0.9009373188018799,
    -1.5281566381454468,
    0.22133564949035645,
    -3.6823911666870117,
    -0.09910988807678223,
    -0.9011173248291016,
    -4.37027645111084,
    -1.4840375185012817,
    -2.5738332271575928,
    -3.8289945125579834,
    -7.388219833374023,
    -2.90663480758667,
    -2.5821962356567383,
    -8.689411163330078,
    -2.090898036956787,
    -2.831301212310791,
    0.10851168632507324,
    -2.027472496032715,
    -4.7614264488220215,
    -3.481255531311035,
    -1.4183167219161987,
    -1.7558318376541138,
    -0.5405063629150391,
    -1.6213405132293701,
    -1.7673991918563843,
    -3.6616320610046387,
    -0.8630197048187256,
    -4.681188106536865,
    -7.385723114013672,
    -3.8048148155212402,
    -3.2039194107055664,
    -4.626298904418945,
    -3.6656877994537354,
    -7.704795837402344,
    -3.3716928958892822,
    -7.775378227233887,
    0.23468971252441406,
    -1.4660580158233643,
    -1.984360694885254,
    -3.7609665393829346,
    -0.6851646900177002,
    -3.251978635787964,
    -7.948830604553223,
    -3.0461976528167725,
    -0.7331278324127197,
    -5.659202575683594,
    -0.574277400970459,
    -3.9466893672943115,
    -4.046475410461426,
    -0.5390472412109375,
    -4.259439468383789,
    -7.3281707763671875,
    0.15603017807006836,
    -3.923752546310425,
    -0.2246098518371582,
    -3.593583822250366,
    -3.514374017715454,
    -2.390622615814209,
    -4.089826583862305,
    -0.07509922981262207,
    -4.584751605987549,
    -2.611191749572754,
    -0.7679276466369629,
    -3.977909564971924,
    -1.9234501123428345,
    -3.5452229976654053,
    -1.5908056497573853,
    -0.31299591064453125,
    -1.1218661069869995,
    -5.246860980987549,
    -3.9800260066986084,
    -5.221650123596191,
    -3.7699787616729736,
    -8.287066459655762,
    -0.14771819114685059,
    -4.390741348266602,
    -6.694411754608154,
    -2.609358787536621,
    -2.001330852508545,
    -2.526824474334717
  ],