{
  "n_train": 721,
  "n_test": 226,
  "target_column": "target",
  "epochs_run": 50,
  "best_epoch": 35,
  "train_time_s": 24.1,
  "rmse": 0.6411210078899425,
  "mae": 0.48938756706440345,
  "r2": 0.9130414216531021,
  "predictions": [
    -2.2347865104675293,
    -1.8898441791534424,
    -2.4949445724487305,
    -1.4594753980636597,
    -6.797257423400879,
    -1.0301833152770996,
    -4.2356743812561035,
    -1.7390036582946777,
    -8.351468086242676,
    -2.33171010017395,
    -4.520981311798096,
    -0.08052992820739746,
    -2.806760787963867,
    -2.2083113193511963,
    -2.8701980113983154,
    -0.32131218910217285,
    -2.326655387878418,
    -7.873384475708008,
    -3.060636520385742,
    -3.6736321449279785,
    -1.619168996810913,
    -6.405808448791504,
    1.0224459171295166,
    -1.9515563249588013,
    -1.467193841934204,
    -7.682483673095703,
    -0.5443322658538818,
    -0.5612444877624512,
    -1.4719569683074951,
    -1.8871411085128784,
    -1.5980064868927002,
    -6.523914813995361,
    -3.5595099925994873,
    -1.6868175268173218,
    -2.3610219955444336,
    -1.6413333415985107,
    -3.9895212650299072,
    -0.08445358276367188,
    -4.7933759689331055,
    -6.484829902648926,
    -1.5406348705291748,
    -7.059394836425781,
    -5.070794105529785,
    -5.9959516525268555,
    -7.961390495300293,
    -5.466958999633789,
    -3.883192539215088,
    -3.244889497756958,
    -4.801457405090332,
    -6.557148456573486,
    -4.639549255371094,
    -8.06362247467041,
    -1.8878933191299438,
    -2.21492600440979,
    -0.8388917446136475,
    -4.102512359619141,
    -2.153700590133667,
    -4.401158809661865,
    -3.148489475250244,
    -6.633180618286133,
    -2.5745115280151367,
    -2.317200183868408,
    -0.18643879890441895,
    -5.207500457763672,
    -4.106800079345703,
    -1.7464733123779297,
    -2.083298921585083,
    -6.473379611968994,
    -2.158858299255371,
    -3.4429004192352295,
    -0.10732841491699219,
    0.3378868103027344,
    -1.827309250831604,
    -5.6622796058654785,
    -2.5088353157043457,
    -0.15868544578552246,
    -1.3740708827972412,
    -3.925609588623047,
    -4.168603897094727,
    -6.567022323608398,
    -4.196269989013672,
    -1.2718838453292847,
    -2.746065139770508,
    -3.7971858978271484,
    -4.316706657409668,
    -0.6715555191040039,
    -2.3701510429382324,
    -0.6040785312652588,
    -5.81148624420166,
    -0.34928059577941895,
    -2.0010368824005127,
    -4.122847557067871,
    -4.528780460357666,
    -0.7218704223632812,
    -1.1635569334030151,
    -4.447556495666504,
    -1.216606855392456,
    -0.18393278121948242,
    -2.2230923175811768,
    0.16378498077392578,
    -1.8701268434524536,
    -3.434443712234497,
    -6.250164031982422,
    -3.182485580444336,
    -1.3256027698516846,
    -4.342360973358154,
    -0.9401075839996338,
    -0.45848989486694336,
    -5.1159749031066895,
    -7.079151630401611,
    -7.7692108154296875,
    -1.4477851390838623,
    -2.011566638946533,
    -2.8490617275238037,
    -1.383813738822937,
    0.0226590633392334,
    -1.491646409034729,
    -2.2573940753936768,
    -1.0351128578186035,
    -2.670210838317871,
    -2.5524520874023438,
    -5.493777275085449,
    -2.5359151363372803,
    -1.8642159700393677,
    -2.355719566345215,
    -3.798816680908203,
    -2.194013833999634,
    -5.334646701812744,
    -0.08136773109436035,
    -1.2482225894927979,
    -0.7996299266815186,
    -2.4001429080963135,
    -1.1156949996948242,
    -2.7216689586639404,
    -1.9298059940338135,
    -2.827085018157959,
    -3.0508790016174316,
    -1.447291374206543,
    -4.861668586730957,
    -4.0188398361206055,
    -4.571927547454834,
    -5.36488676071167,
    -4.434693336486816,
    -3.4913389682769775,
    -2.143115758895874,
    -2.9285662174224854,
    -1.0504810810089111,
    -1.670943021774292,
    0.15133285522460938,
    -4.030612945556641,
    0.2033677101135254,
    -0.6511924266815186,
    -4.337059020996094,
    -1.3520928621292114,
    -2.4334237575531006,
    -3.6752023696899414,
    -7.729503631591797,
    -3.182791233062744,
    -2.3561370372772217,
    -8.967277526855469,
    -1.9885586500167847,
    -2.8671913146972656,
    0.5767459869384766,
    -1.827309489250183,
    -4.60633659362793,
    -3.863624095916748,
    -1.4363831281661987,
    -1.7087410688400269,
    -0.9781537055969238,
    -1.551308274269104,
    -1.5942128896713257,
    -3.478175163269043,
    -0.850116491317749,
    -4.364689826965332,
    -7.503613471984863,
    -3.727137565612793,
    -3.579468250274658,
    -4.211256504058838,
    -3.5661373138427734,
    -7.525876998901367,
    -3.214932918548584,
    -7.984465599060059,
    0.20250272750854492,
    -1.3031853437423706,
    -1.928890347480774,
    -3.717170238494873,
    -0.07539939880371094,
    -3.3546254634857178,
    -7.695298194885254,
    -2.695826768875122,
    -0.5778489112854004,
    -5.397923469543457,
    -0.5574469566345215,
    -3.956728458404541,
    -4.16328239440918,
    -0.7236864566802979,
    -4.322755336761475,
    -7.298018455505371,
    0.014143943786621094,
    -3.6700503826141357,
    -0.07540702819824219,
    -3.4390764236450195,
    -3.7165613174438477,
    -2.5726921558380127,
    -4.356240272521973,
    -0.19919872283935547,
    -4.273387908935547,
    -2.50852632522583,
    -0.674044132232666,
    -4.235530376434326,
    -1.7839657068252563,
    -3.259408473968506,
    -1.5623358488082886,
    0.17864012718200684,
    -0.818434476852417,
    -5.55416202545166,
    -3.992811441421509,
    -4.8315887451171875,
    -3.9906117916107178,
    -8.642151832580566,
    -0.16916227340698242,
    -4.673964500427246,
    -6.242469787597656,
    -2.4646191596984863,
    -2.0555803775787354,
    -2.8892085552215576
  ],