{
  "n_train": 902,
  "n_test": 226,
  "target_column": "target",
  "epochs_run": 72,
  "best_epoch": 57,
  "train_time_s": 41.1,
  "rmse": 0.5940188730826067,
  "mae": 0.4352402196521253,
  "r2": 0.9253494614396882,
  "predictions": [
    -2.4658541679382324,
    -2.0328447818756104,
    -1.6482808589935303,
    -2.508072853088379,
    -6.740540981292725,
    -1.4789016246795654,
    -3.8443150520324707,
    -1.9068118333816528,
    -8.492648124694824,
    -2.683687925338745,
    -4.767289638519287,
    -0.3104853630065918,
    -3.366250514984131,
    -2.201190948486328,
    -2.75968599319458,
    -0.5693783760070801,
    -2.2456095218658447,
    -9.17509651184082,
    -3.0242602825164795,
    -3.650251626968384,
    -1.696997046470642,
    -5.991850852966309,
    0.8522810935974121,
    -1.6008973121643066,
    -1.6217070817947388,
    -7.341246604919434,
    -0.6115593910217285,
    -0.5649929046630859,
    -1.7926329374313354,
    -1.6311652660369873,
    -1.4271076917648315,
    -6.497753620147705,
    -3.783940553665161,
    -1.791184425354004,
    -2.348601818084717,
    -1.8777437210083008,
    -3.9869699478149414,
    -0.28585052490234375,
    -4.790864944458008,
    -6.580246448516846,
    -1.3698735237121582,
    -7.298980712890625,
    -4.414215087890625,
    -6.02491569519043,
    -7.867701530456543,
    -4.85546875,
    -3.784327983856201,
    -3.312775135040283,
    -5.171745300292969,
    -6.827512741088867,
    -4.82090950012207,
    -8.258520126342773,
    -1.746165156364441,
    -2.466244697570801,
    -1.0683115720748901,
    -3.8841142654418945,
    -2.1976230144500732,
    -4.199019432067871,
    -3.167736530303955,
    -6.6508378982543945,
    -2.586392641067505,
    -2.5341711044311523,
    -0.1582317352294922,
    -5.764364242553711,
    -3.531621217727661,
    -2.0885229110717773,
    -2.0387539863586426,
    -6.314111709594727,
    -2.263779640197754,
    -3.41672420501709,
    -0.28449249267578125,
    0.8632409572601318,
    -1.9385498762130737,
    -5.440481185913086,
    -2.039046287536621,
    0.4986910820007324,
    -1.6612176895141602,
    -3.753026247024536,
    -4.556000709533691,
    -6.491069316864014,
    -4.307198524475098,
    -1.27292799949646,
    -3.189504623413086,
    -3.2034101486206055,
    -4.9337158203125,
    -1.0733577013015747,
    -2.3230080604553223,
    -0.459073543548584,
    -5.945859432220459,
    -0.5547468662261963,
    -2.5637753009796143,
    -3.9600656032562256,
    -4.735893249511719,
    -0.8581271171569824,
    -1.388669490814209,
    -4.113010883331299,
    -1.2500603199005127,
    -0.20093989372253418,
    -2.3302218914031982,
    -0.10931849479675293,
    -1.7846879959106445,
    -3.3622350692749023,
    -5.891827583312988,
    -3.0743298530578613,
    -1.6557817459106445,
    -3.519148349761963,
    -0.8004181385040283,
    -0.7605366706848145,
    -4.807851791381836,
    -7.59301233291626,
    -7.957530975341797,
    -1.1898118257522583,
    -2.2587740421295166,
    -2.577543020248413,
    -1.2331362962722778,
    -0.2016904354095459,
    -1.3214013576507568,
    -1.7667326927185059,
    -1.2313989400863647,
    -2.678832769393921,
    -2.3264846801757812,
    -4.9721360206604,
    -3.288210153579712,
    -1.9636262655258179,
    -2.7456209659576416,
    -3.4828426837921143,
    -2.2968037128448486,
    -5.056308746337891,
    -0.3282649517059326,
    -0.8678860664367676,
    -0.9143285751342773,
    -2.479034900665283,
    -1.3498302698135376,
    -2.9295549392700195,
    -2.2309281826019287,
    -2.3551883697509766,
    -2.9770374298095703,
    -1.1936732530593872,
    -4.006775856018066,
    -4.092062473297119,
    -4.249078750610352,
    -5.211713790893555,
    -3.9386463165283203,
    -3.7018837928771973,
    -2.4510984420776367,
    -2.8296570777893066,
    -1.0130789279937744,
    -1.79177987575531,
    0.030265331268310547,
    -3.400463819503784,
    -0.23490214347839355,
    -1.0830551385879517,
    -4.167088508605957,
    -1.5429906845092773,
    -2.211872100830078,
    -4.0104498863220215,
    -7.730155944824219,
    -2.961721897125244,
    -2.6028499603271484,
    -8.816396713256836,
    -2.1258316040039062,
    -3.058088779449463,
    -0.03475022315979004,
    -1.9385498762130737,
    -4.8587236404418945,
    -3.103696823120117,
    -1.4976729154586792,
    -1.689660668373108,
    -0.8570637702941895,
    -1.4420241117477417,
    -1.7072311639785767,
    -3.694984197616577,
    -1.0697569847106934,
    -3.9737281799316406,
    -7.120243549346924,
    -3.7377758026123047,
    -3.155866861343384,
    -4.91696834564209,
    -3.6206185817718506,
    -7.277213096618652,
    -2.2378177642822266,
    -7.898681163787842,
    -0.12573885917663574,
    -1.4193217754364014,
    -2.0455684661865234,
    -3.4686734676361084,
    -0.6511452198028564,
    -3.05509877204895,
    -7.58944034576416,
    -2.7109811305999756,
    -1.0841169357299805,
    -5.074609756469727,
    -0.6211817264556885,
    -3.4488165378570557,
    -3.355344772338867,
    -0.6927077770233154,
    -4.093226909637451,
    -7.045914649963379,
    0.03556180000305176,
    -4.047976016998291,
    -0.5758993625640869,
    -3.5026001930236816,
    -3.0513648986816406,
    -2.349022388458252,
    -4.405375003814697,
    -0.44329380989074707,
    -4.185451984405518,
    -2.480026960372925,
    -1.025693655014038,
    -4.263902187347412,
    -1.639906644821167,
    -3.4130048751831055,
    -1.7976710796356201,
    0.05934953689575195,
    -1.070310115814209,
    -4.905606269836426,
    -3.8375401496887207,
    -5.067366600036621,
    -3.8875744342803955,
    -8.605069160461426,
    -0.3039224147796631,
    -4.48579216003418,
    -6.472016334533691,
    -2.589648723602295,
    -2.3288562297821045,
    -3.074979066848755
  ],