{
  "n_train": 180,
  "n_test": 226,
  "target_column": "target",
  "epochs_run": 71,
  "best_epoch": 56,
  "train_time_s": 14.2,
  "rmse": 0.9470856880192022,
  "mae": 0.6663337033406823,
  "r2": 0.8102372260704682,
  "predictions": [
    -2.2907028198242188,
    -2.269357204437256,
    -2.858327865600586,
    -2.150357246398926,
    -5.874829292297363,
    -1.0844395160675049,
    -3.9230880737304688,
    -1.5362002849578857,
    -8.611085891723633,
    -2.264349937438965,
    -4.816169738769531,
    -2.1741323471069336,
    -3.598215341567993,
    -2.429434061050415,
    -2.335841178894043,
    -0.6877901554107666,
    -2.4098267555236816,
    -8.48751449584961,
    -2.7209084033966064,
    -3.5787289142608643,
    -0.5983664989471436,
    -6.164226531982422,
    0.8979189395904541,
    -1.5101462602615356,
    -0.9780673980712891,
    -7.698971748352051,
    -0.5137960910797119,
    -1.095781683921814,
    -1.2795994281768799,
    -1.7463304996490479,
    -1.2890137434005737,
    -6.9972944259643555,
    -3.5257153511047363,
    -2.229175090789795,
    -2.2501654624938965,
    -1.8429603576660156,
    -4.062984466552734,
    -0.9906377792358398,
    -4.514420986175537,
    -5.016176700592041,
    -1.3482424020767212,
    -5.817183494567871,
    -4.342778205871582,
    -6.267391681671143,
    -7.98475980758667,
    -5.1174187660217285,
    -4.688520908355713,
    -3.309372663497925,
    -4.369931221008301,
    -5.344152450561523,
    -4.3241095542907715,
    -7.896141052246094,
    -1.8057000637054443,
    -2.243122100830078,
    -0.9812772274017334,
    -4.3630876541137695,
    -1.612375020980835,
    -4.594220161437988,
    -2.7987914085388184,
    -5.509511947631836,
    -2.8171586990356445,
    -2.8933582305908203,
    -0.19695782661437988,
    -4.377495765686035,
    -4.064301013946533,
    -1.826681137084961,
    -2.1185381412506104,
    -6.723555564880371,
    -2.256746292114258,
    -3.509004831314087,
    -0.32514119148254395,
    0.19740891456604004,
    -2.562608480453491,
    -4.946319580078125,
    -1.58290696144104,
    -0.8543484210968018,
    -1.4942420721054077,
    -3.8179354667663574,
    -3.577726364135742,
    -7.931361675262451,
    -3.578294277191162,
    -1.111762285232544,
    -3.0962307453155518,
    -3.311774969100952,
    -4.651603698730469,
    -2.1178417205810547,
    -2.578850269317627,
    -0.5757684707641602,
    -5.302386283874512,
    -0.9126081466674805,
    -2.408742904663086,
    -4.288117408752441,
    -4.793377876281738,
    -0.7360999584197998,
    -1.5910521745681763,
    -4.407172203063965,
    -0.4803011417388916,
    -0.5492119789123535,
    -1.8418660163879395,
    0.363206148147583,
    -2.089852809906006,
    -3.6956770420074463,
    -6.517548561096191,
    -3.223735809326172,
    -2.352003335952759,
    -3.8690028190612793,
    -1.9930297136306763,
    -0.6309454441070557,
    -4.619717121124268,
    -5.879404544830322,
    -7.615309715270996,
    -2.368624448776245,
    -2.12740421295166,
    -3.574016571044922,
    -0.8247315883636475,
    -0.010255813598632812,
    -1.0069148540496826,
    -1.3531074523925781,
    -1.1647491455078125,
    -2.664421319961548,
    -2.189791679382324,
    -4.244527816772461,
    -2.807231903076172,
    -2.596376657485962,
    -1.8934603929519653,
    -3.558821678161621,
    -2.9227867126464844,
    -4.990372180938721,
    -0.04040074348449707,
    -0.9185082912445068,
    -0.7867825031280518,
    -3.0051937103271484,
    -1.6061702966690063,
    -2.881378173828125,
    -2.1353516578674316,
    -3.0995349884033203,
    -1.6033802032470703,
    -3.011662721633911,
    -3.7156496047973633,
    -3.757462739944458,
    -3.236739158630371,
    -4.685817718505859,
    -4.070562362670898,
    -3.655667304992676,
    -2.4021081924438477,
    -2.9265024662017822,
    -1.0766534805297852,
    -2.3241443634033203,
    -1.604143738746643,
    -4.064938068389893,
    0.21685099601745605,
    -0.8066182136535645,
    -4.15814733505249,
    -1.4789777994155884,
    -2.1912689208984375,
    -3.251528263092041,
    -7.873526573181152,
    -3.4327921867370605,
    -2.0556130409240723,
    -8.284841537475586,
    -1.0203700065612793,
    -3.008923053741455,
    -1.1338642835617065,
    -2.5626087188720703,
    -4.826803684234619,
    -3.596165180206299,
    -1.4714728593826294,
    -1.8304330110549927,
    -2.7395870685577393,
    -1.7737716436386108,
    -1.5512230396270752,
    -3.8214080333709717,
    -2.431118965148926,
    -3.6668524742126465,
    -6.185004711151123,
    -3.725442409515381,
    -3.620199680328369,
    -4.62681770324707,
    -3.7718253135681152,
    -7.051164150238037,
    -3.168562412261963,
    -8.136579513549805,
    -0.7887530326843262,
    -1.2307144403457642,
    -1.8938108682632446,
    -4.0318121910095215,
    -1.5517524480819702,
    -3.033043622970581,
    -8.215593338012695,
    -2.4059996604919434,
    -0.4758155345916748,
    -5.042069911956787,
    -1.1912826299667358,
    -4.2114105224609375,
    -3.58673095703125,
    -0.029255151748657227,
    -4.307009696960449,
    -7.614855766296387,
    0.06323599815368652,
    -4.272648811340332,
    -0.45408153533935547,
    -3.207451343536377,
    -3.4834952354431152,
    -2.5483944416046143,
    -4.5541510581970215,
    -0.01468038558959961,
    -3.847714900970459,
    -2.7576045989990234,
    -0.30295705795288086,
    -3.717938184738159,
    -1.2844886779785156,
    -2.322138547897339,
    -1.0301063060760498,
    -0.5472016334533691,
    -1.2195091247558594,
    -3.7648088932037354,
    -3.605989456176758,
    -4.4954328536987305,
    -3.63798189163208,
    -8.160374641418457,
    0.6226627826690674,
    -4.940572738647461,
    -9.709692001342773,
    -2.418731451034546,
    -2.832489013671875,
    -2.8275516033172607
  ],