{
  "n_train": 457,
  "n_test": 229,
  "epochs_run": 61,
  "best_epoch": 46,
  "train_time_s": 60.0,
  "rmse": 0.6889003087055521,
  "mae": 0.49665725283227113,
  "r2": 0.8910141327698161,
  "predictions": [
    -0.6864969730377197,
    -5.323760032653809,
    -4.979543209075928,
    -3.1080267429351807,
    -0.2561814785003662,
    -6.028844833374023,
    0.13322710990905762,
    -4.508121967315674,
    -3.6056134700775146,
    -2.5714993476867676,
    -2.012028694152832,
    -0.9183266162872314,
    -3.590559482574463,
    -3.1150684356689453,
    -3.456984758377075,
    -2.2500510215759277,
    -3.301823854446411,
    -5.786128044128418,
    -0.7878408432006836,
    -2.4125165939331055,
    -3.4035377502441406,
    -1.464243769645691,
    -4.482996940612793,
    -2.4997973442077637,
    2.026413917541504,
    -0.8761153221130371,
    -2.5069704055786133,
    -5.242199420928955,
    -3.241891860961914,
    -2.7148189544677734,
    -1.3808677196502686,
    -2.063418388366699,
    -4.31455135345459,
    -1.5663031339645386,
    -1.9907420873641968,
    -8.481403350830078,
    -0.44054436683654785,
    -1.2201496362686157,
    -2.055014133453369,
    -2.362276792526245,
    -1.8387001752853394,
    -6.965231895446777,
    -1.81571626663208,
    -0.8763353824615479,
    -1.9061601161956787,
    -2.637234687805176,
    -4.170579433441162,
    -1.4209177494049072,
    0.3314070701599121,
    -1.6182149648666382,
    -3.1383306980133057,
    -1.8288781642913818,
    -2.2686967849731445,
    -2.9118475914001465,
    -5.670443534851074,
    -6.591315269470215,
    -5.342658042907715,
    -3.4204511642456055,
    -1.1719279289245605,
    -2.227402687072754,
    -4.282486915588379,
    -4.820038318634033,
    -1.1118799448013306,
    -0.9952390193939209,
    -2.4821460247039795,
    -1.800929307937622,
    -2.3901143074035645,
    -6.0991668701171875,
    -2.0502114295959473,
    -2.6508841514587402,
    -5.5889177322387695,
    -3.663424253463745,
    -2.752225875854492,
    -4.982532024383545,
    -3.3065435886383057,
    -0.8349699974060059,
    -1.4240963459014893,
    -1.491721510887146,
    -7.004604339599609,
    -5.6067399978637695,
    -1.0086055994033813,
    -2.806025266647339,
    -5.427755355834961,
    -2.638895034790039,
    -3.5134708881378174,
    -1.2979729175567627,
    -5.459192276000977,
    1.481295108795166,
    -0.9314448833465576,
    -3.8251614570617676,
    -6.58376932144165,
    -1.0554040670394897,
    -1.2522114515304565,
    -2.7351858615875244,
    1.1063132286071777,
    -6.137278079986572,
    -3.706822156906128,
    -2.3497865200042725,
    -2.5674643516540527,
    -5.59935188293457,
    -3.6104607582092285,
    -4.322155952453613,
    -1.34365713596344,
    -2.226271629333496,
    -3.9648728370666504,
    -10.100400924682617,
    -5.581887722015381,
    -1.2580674886703491,
    -6.727737903594971,
    -3.1179392337799072,
    -2.972064971923828,
    -4.765385150909424,
    -5.2350754737854,
    -4.376942157745361,
    -2.405611991882324,
    -0.9622845649719238,
    -2.2760491371154785,
    -3.3479442596435547,
    -2.8032443523406982,
    -0.49196314811706543,
    -1.1982518434524536,
    -3.6859326362609863,
    -4.178058624267578,
    -4.727422714233398,
    -2.4383957386016846,
    -4.850344181060791,
    -1.4336522817611694,
    0.695002555847168,
    -4.173591613769531,
    -4.4025397300720215,
    -0.7341375350952148,
    -2.418457508087158,
    -2.075315475463867,
    -0.9921087026596069,
    -2.8868560791015625,
    -5.937985420227051,
    -4.366907119750977,
    -1.9023066759109497,
    -0.8882637023925781,
    -1.8713992834091187,
    -3.756434917449951,
    -2.688016891479492,
    -3.1445910930633545,
    -2.527693748474121,
    -4.420709609985352,
    -7.721057891845703,
    -4.166484832763672,
    -4.675225734710693,
    -8.955779075622559,
    -1.6445586681365967,
    -1.1637479066848755,
    -1.5940800905227661,
    0.7109775543212891,
    -3.5600345134735107,
    -7.814213752746582,
    -3.9873125553131104,
    0.10075640678405762,
    -4.883224964141846,
    -0.1664130687713623,
    -4.365657806396484,
    -5.785895347595215,
    -0.2160947322845459,
    -4.175785064697266,
    -2.0571744441986084,
    -5.115327835083008,
    -5.543252944946289,
    -4.401725769042969,
    -1.421467900276184,
    -1.5384389162063599,
    -1.7597675323486328,
    -4.694873809814453,
    -0.83197021484375,
    -0.27223944664001465,
    -3.73026967048645,
    -1.3441509008407593,
    -5.401597023010254,
    -2.2171285152435303,
    -1.4947913885116577,
    -4.912650108337402,
    -4.526895523071289,
    -5.723164081573486,
    -1.9807820320129395,
    -2.1192243099212646,
    -1.1712448596954346,
    -4.414146423339844,
    -4.315326690673828,
    -1.4349559545516968,
    -1.9423829317092896,
    -4.671291351318359,
    -0.40436625480651855,
    -6.6592607498168945,
    -3.453707456588745,
    -1.7226228713989258,
    -1.3562142848968506,
    -2.7740466594696045,
    -3.223389148712158,
    -4.7295684814453125,
    -0.16028547286987305,
    0.1312696933746338,
    -0.932729959487915,
    -6.389616012573242,
    -0.30924129486083984,
    -0.7622408866882324,
    -3.9133119583129883,
    -2.3233535289764404,
    -1.227884292602539,
    -1.8399193286895752,
    -4.008805751800537,
    -2.031344413757324,
    -0.7929074764251709,
    -2.2025163173675537,
    -2.829946756362915,
    -4.2647576332092285,
    -5.053389549255371,
    -5.645734786987305,
    -2.0618224143981934,
    -5.0778608322143555,
    -3.7129034996032715,
    -2.7847795486450195,
    -2.898179292678833,
    -2.5043768882751465,
    -0.7491481304168701,
    -5.7541608810424805,
    -0.7305665016174316,
    0.776543140411377,
    -0.9039232730865479,
    0.05226254463195801,
    -5.442176342010498,
    -1.0822410583496094
  ],