{
  "n_train": 902,
  "n_test": 226,
  "target_column": "target",
  "epochs_run": 72,
  "best_epoch": 57,
  "train_time_s": 42.1,
  "rmse": 0.590605205404406,
  "mae": 0.4383768655557548,
  "r2": 0.9262049894913704,
  "predictions": [
    -2.1843342781066895,
    -1.9758332967758179,
    -1.4976563453674316,
    -2.354520559310913,
    -6.90435791015625,
    -1.2732603549957275,
    -3.9156084060668945,
    -2.0698044300079346,
    -8.538862228393555,
    -2.604032039642334,
    -4.828520774841309,
    -0.08204126358032227,
    -3.4772896766662598,
    -2.2018015384674072,
    -3.070467233657837,
    -0.48280858993530273,
    -2.262800455093384,
    -9.110709190368652,
    -2.9704506397247314,
    -3.5369672775268555,
    -1.7207646369934082,
    -6.083311557769775,
    0.9363842010498047,
    -1.7861382961273193,
    -1.7570157051086426,
    -7.398589134216309,
    -0.6879482269287109,
    -0.7420258522033691,
    -1.6894029378890991,
    -1.5046045780181885,
    -1.3731160163879395,
    -6.3488640785217285,
    -3.7937188148498535,
    -1.7348641157150269,
    -2.2950472831726074,
    -1.9066262245178223,
    -4.012628078460693,
    -0.06011772155761719,
    -4.7017693519592285,
    -6.683130264282227,
    -1.347100019454956,
    -7.51338005065918,
    -4.674927234649658,
    -6.256715774536133,
    -7.936886787414551,
    -5.030583381652832,
    -3.9659013748168945,
    -3.3033838272094727,
    -5.054261207580566,
    -6.9802751541137695,
    -4.937814235687256,
    -8.370555877685547,
    -1.7083486318588257,
    -2.402991771697998,
    -1.0056726932525635,
    -3.816882848739624,
    -2.6515440940856934,
    -4.114007949829102,
    -3.0857789516448975,
    -6.901411533355713,
    -2.8537933826446533,
    -2.668789863586426,
    -0.12840890884399414,
    -5.830963134765625,
    -3.728792905807495,
    -1.9529798030853271,
    -2.0115909576416016,
    -6.523259162902832,
    -2.196531295776367,
    -3.236591100692749,
    -0.33211374282836914,
    0.5261948108673096,
    -1.9788870811462402,
    -5.410150527954102,
    -2.0975890159606934,
    0.29141807556152344,
    -1.7915985584259033,
    -4.273550510406494,
    -4.409766674041748,
    -6.116992473602295,
    -4.305315017700195,
    -1.495785117149353,
    -3.317962408065796,
    -3.290419578552246,
    -5.0661115646362305,
    -1.0476912260055542,
    -2.268723487854004,
    -0.37331366539001465,
    -5.988532066345215,
    -0.617924690246582,
    -2.4921555519104004,
    -4.0545878410339355,
    -4.8245849609375,
    -0.8242361545562744,
    -1.4778969287872314,
    -4.375247955322266,
    -1.1204510927200317,
    -0.26410460472106934,
    -2.304927110671997,
    -0.05610060691833496,
    -1.6945754289627075,
    -3.3861632347106934,
    -5.995504379272461,
    -3.0619964599609375,
    -1.6353998184204102,
    -3.697038412094116,
    -0.7677438259124756,
    -0.8072283267974854,
    -4.903755187988281,
    -7.607124328613281,
    -8.065641403198242,
    -1.2748744487762451,
    -2.0880632400512695,
    -2.643091917037964,
    -1.2887370586395264,
    -0.13700509071350098,
    -1.3725978136062622,
    -1.8984497785568237,
    -1.210263729095459,
    -2.6510872840881348,
    -2.4232609272003174,
    -5.079986572265625,
    -3.2822439670562744,
    -2.0033795833587646,
    -2.705918073654175,
    -3.5471248626708984,
    -2.3844170570373535,
    -4.900659561157227,
    -0.21531438827514648,
    -1.157235026359558,
    -0.9057834148406982,
    -2.6061081886291504,
    -1.3236942291259766,
    -2.7392406463623047,
    -2.169281482696533,
    -2.5209381580352783,
    -2.9384093284606934,
    -1.2427780628204346,
    -4.166032791137695,
    -4.155994415283203,
    -4.2331976890563965,
    -5.3250532150268555,
    -4.041478633880615,
    -3.6593194007873535,
    -2.5659515857696533,
    -2.7561657428741455,
    -0.9547617435455322,
    -1.6853760480880737,
    0.3328378200531006,
    -3.630311965942383,
    -0.10766243934631348,
    -0.9498775005340576,
    -4.197893142700195,
    -1.412009358406067,
    -2.5368101596832275,
    -3.9130516052246094,
    -7.732821941375732,
    -3.08561110496521,
    -2.5773544311523438,
    -8.905006408691406,
    -1.9983346462249756,
    -3.2123918533325195,
    0.06348061561584473,
    -1.9788870811462402,
    -4.658321380615234,
    -3.2277960777282715,
    -1.4676213264465332,
    -1.634209394454956,
    -0.9027674198150635,
    -1.399078369140625,
    -1.7524343729019165,
    -3.877624034881592,
    -1.0222296714782715,
    -4.216280937194824,
    -7.3240437507629395,
    -3.7850534915924072,
    -3.431016683578491,
    -5.028278350830078,
    -3.6828789710998535,
    -7.433626174926758,
    -2.4332942962646484,
    -7.905394554138184,
    0.7181077003479004,
    -1.5173460245132446,
    -1.9481291770935059,
    -3.5680971145629883,
    -0.6486763954162598,
    -3.325014352798462,
    -7.654752731323242,
    -2.684044599533081,
    -0.9581508636474609,
    -4.996908664703369,
    -0.7285134792327881,
    -3.595280408859253,
    -3.6702704429626465,
    -0.691556453704834,
    -4.225374698638916,
    -7.1147589683532715,
    0.2661929130554199,
    -4.226208686828613,
    -0.09893560409545898,
    -3.4990346431732178,
    -2.9808871746063232,
    -2.441072940826416,
    -4.483663558959961,
    -0.22246599197387695,
    -4.203347206115723,
    -2.5609130859375,
    -0.9343552589416504,
    -4.221590995788574,
    -1.5244661569595337,
    -3.319796085357666,
    -1.6910006999969482,
    0.3945457935333252,
    -1.0791667699813843,
    -5.074166297912598,
    -3.8211355209350586,
    -5.229853630065918,
    -3.8866961002349854,
    -8.615119934082031,
    -0.4172499179840088,
    -4.502561569213867,
    -5.760458469390869,
    -2.445237636566162,
    -2.3229360580444336,
    -3.010514497756958
  ],