{
  "n_train": 915,
  "n_test": 229,
  "epochs_run": 1,
  "best_epoch": 1,
  "train_time_s": 0.8,
  "rmse": 2.0053599303282206,
  "mae": 1.635278031815608,
  "r2": 0.07648893924017364,
  "predictions": [
    -3.150697946548462,
    -3.4311015605926514,
    -3.4079349040985107,
    -3.3633744716644287,
    -3.3078060150146484,
    -3.3280041217803955,
    -3.2579212188720703,
    -3.217061758041382,
    -3.4663186073303223,
    -3.477202892303467,
    -3.2393643856048584,
    -3.266414165496826,
    -3.276202917098999,
    -3.3892455101013184,
    -3.338179349899292,
    -3.2729532718658447,
    -3.1590981483459473,
    -3.470139741897583,
    -3.15716814994812,
    -3.3622097969055176,
    -3.371605634689331,
    -2.861128568649292,
    -3.5114784240722656,
    -3.381438732147217,
    -3.078829765319824,
    -2.874335289001465,
    -3.306119918823242,
    -3.498617649078369,
    -3.4174461364746094,
    -3.3415935039520264,
    -3.2606863975524902,
    -3.2497639656066895,
    -3.489871025085449,
    -3.1324563026428223,
    -3.202883243560791,
    -3.6459641456604004,
    -3.117546319961548,
    -3.370554208755493,
    -3.16916561126709,
    -3.033621072769165,
    -3.1374001502990723,
    -3.4984893798828125,
    -3.1810078620910645,
    -3.1084706783294678,
    -3.184354066848755,
    -3.477527141571045,
    -3.3700554370880127,
    -3.274157762527466,
    -3.064467430114746,
    -3.1888034343719482,
    -3.415131092071533,
    -3.3738226890563965,
    -3.342926502227783,
    -3.2258687019348145,
    -3.3001832962036133,
    -3.5478765964508057,
    -3.341888427734375,
    -3.199171304702759,
    -3.3294336795806885,
    -3.3399741649627686,
    -3.4953253269195557,
    -3.5537595748901367,
    -3.1223502159118652,
    -3.2923672199249268,
    -3.0506112575531006,
    -3.2267916202545166,
    -3.225708484649658,
    -3.4090116024017334,
    -3.2638559341430664,
    -3.264697313308716,
    -3.5467591285705566,
    -3.2017829418182373,
    -3.414160966873169,
    -3.484701156616211,
    -3.3034379482269287,
    -3.3015310764312744,
    -3.2434136867523193,
    -3.3030362129211426,
    -3.5845704078674316,
    -3.380337715148926,
    -2.9814939498901367,
    -3.2394144535064697,
    -3.664419651031494,
    -3.1746175289154053,
    -3.195065975189209,
    -3.2588889598846436,
    -3.562026023864746,
    -2.9900245666503906,
    -2.975839138031006,
    -3.4951248168945312,
    -3.284315347671509,
    -3.254488468170166,
    -3.2488720417022705,
    -3.4669365882873535,
    -3.0814554691314697,
    -3.3849902153015137,
    -3.469188928604126,
    -3.140157461166382,
    -3.287623167037964,
    -3.321394681930542,
    -3.191179037094116,
    -3.43998384475708,
    -3.2633543014526367,
    -3.2377991676330566,
    -3.3723056316375732,
    -3.7335286140441895,
    -3.3655617237091064,
    -3.2331247329711914,
    -3.5587613582611084,
    -3.4834110736846924,
    -3.1972098350524902,
    -3.4214978218078613,
    -3.528684377670288,
    -3.354081153869629,
    -3.3144900798797607,
    -3.2544140815734863,
    -3.162175416946411,
    -3.215939998626709,
    -3.324007987976074,
    -2.945389747619629,
    -3.139406442642212,
    -3.414924144744873,
    -3.4880175590515137,
    -3.395920991897583,
    -3.264617681503296,
    -3.3330321311950684,
    -3.085514545440674,
    -3.143425703048706,
    -3.410645008087158,
    -3.369838237762451,
    -3.180793523788452,
    -3.264064073562622,
    -3.2854466438293457,
    -3.1642372608184814,
    -3.2648870944976807,
    -3.532987594604492,
    -3.4596683979034424,
    -3.137451171875,
    -3.157090425491333,
    -3.3747899532318115,
    -3.3971407413482666,
    -3.334979295730591,
    -3.1761934757232666,
    -3.1202008724212646,
    -3.4832732677459717,
    -3.6384975910186768,
    -3.5309510231018066,
    -3.541050672531128,
    -3.6916542053222656,
    -3.4238698482513428,
    -3.235952854156494,
    -3.1099984645843506,
    -3.087185859680176,
    -3.319746732711792,
    -3.638970136642456,
    -3.3418021202087402,
    -3.1142568588256836,
    -3.342005729675293,
    -3.2165310382843018,
    -3.3208041191101074,
    -3.48983097076416,
    -3.1182334423065186,
    -3.324875831604004,
    -3.3707730770111084,
    -3.2733466625213623,
    -3.2921671867370605,
    -3.428635358810425,
    -3.375185489654541,
    -3.06492018699646,
    -3.2741355895996094,
    -3.257209300994873,
    -3.1568782329559326,
    -3.033794641494751,
    -3.4339985847473145,
    -3.2667341232299805,
    -3.658881187438965,
    -3.3367629051208496,
    -3.209261178970337,
    -3.2929978370666504,
    -3.3695380687713623,
    -3.25164532661438,
    -3.3386354446411133,
    -3.3339552879333496,
    -3.3571183681488037,
    -3.4448742866516113,
    -3.4729583263397217,
    -3.322429895401001,
    -3.0607924461364746,
    -3.4534854888916016,
    -3.2052559852600098,
    -3.558958053588867,
    -3.4578285217285156,
    -3.188308000564575,
    -3.256821632385254,
    -3.3435769081115723,
    -3.174034833908081,
    -3.23274827003479,
    -3.311373233795166,
    -2.6794278621673584,
    -3.194963216781616,
    -3.553361415863037,
    -3.3279178142547607,
    -3.2560172080993652,
    -3.1546175479888916,
    -3.3485569953918457,
    -3.3630754947662354,
    -3.2138490676879883,
    -3.4082491397857666,
    -3.3024978637695312,
    -3.2367465496063232,
    -3.156195640563965,
    -3.1808552742004395,
    -3.5033814907073975,
    -3.2687530517578125,
    -3.2783100605010986,
    -3.333308696746826,
    -3.500135660171509,
    -3.3398380279541016,
    -3.474454164505005,
    -3.2621428966522217,
    -3.2691245079040527,
    -3.3356566429138184,
    -3.4919211864471436,
    -3.2360687255859375,
    -2.953000783920288,
    -3.256985664367676,
    -3.238962173461914,
    -3.4642441272735596,
    -2.9988739490509033
  ],