{
  "n_train": 915,
  "n_test": 229,
  "epochs_run": 56,
  "best_epoch": 41,
  "train_time_s": 109.2,
  "rmse": 0.5865621232021674,
  "mae": 0.4108898827082205,
  "r2": 0.9209893806679758,
  "predictions": [
    -0.8590703010559082,
    -6.207755088806152,
    -4.766716480255127,
    -3.5471925735473633,
    -0.428058385848999,
    -5.324775695800781,
    -0.4723014831542969,
    -4.363467216491699,
    -3.845022439956665,
    -2.3324570655822754,
    -1.8527361154556274,
    -1.248894453048706,
    -3.3442234992980957,
    -3.3085567951202393,
    -3.951772689819336,
    -2.0442357063293457,
    -3.32651948928833,
    -5.301054000854492,
    -1.0100581645965576,
    -1.9875993728637695,
    -3.5026626586914062,
    -1.6962038278579712,
    -4.18234920501709,
    -2.5477068424224854,
    1.5416619777679443,
    -0.9306168556213379,
    -2.8023252487182617,
    -5.68118143081665,
    -3.709144115447998,
    -3.867082357406616,
    -1.4009255170822144,
    -2.562777280807495,
    -3.9094104766845703,
    -1.8413504362106323,
    -2.0827713012695312,
    -8.266526222229004,
    -0.5832300186157227,
    -1.00419020652771,
    -2.2268948554992676,
    -1.7633205652236938,
    -1.8335050344467163,
    -7.293743133544922,
    -2.210996389389038,
    -1.0877225399017334,
    -2.039539337158203,
    -2.310192584991455,
    -3.6291518211364746,
    -1.585054874420166,
    -0.19649910926818848,
    -1.5471946001052856,
    -3.3801655769348145,
    -1.896847128868103,
    -2.3625831604003906,
    -3.2831478118896484,
    -5.945510387420654,
    -6.295249938964844,
    -5.506994247436523,
    -3.44150710105896,
    -1.0629305839538574,
    -2.270390033721924,
    -4.496683120727539,
    -4.423520088195801,
    -1.2649950981140137,
    -0.9857633113861084,
    -2.5160326957702637,
    -1.733900785446167,
    -1.7637304067611694,
    -7.355476379394531,
    -2.342299222946167,
    -2.498551368713379,
    -5.688657283782959,
    -3.782616376876831,
    -2.9673874378204346,
    -5.050610542297363,
    -2.6912567615509033,
    -0.6669576168060303,
    -1.1372781991958618,
    -1.9560673236846924,
    -6.144402503967285,
    -5.552371025085449,
    -1.333982229232788,
    -3.2128915786743164,
    -6.582814693450928,
    -2.760977268218994,
    -3.2644519805908203,
    -1.5609643459320068,
    -4.986989498138428,
    0.7636258602142334,
    -1.8826839923858643,
    -4.142314434051514,
    -6.794212341308594,
    -0.636664867401123,
    -1.0650994777679443,
    -2.5365355014801025,
    0.5266554355621338,
    -7.016291618347168,
    -3.935382127761841,
    -2.333404064178467,
    -2.7841267585754395,
    -5.707155227661133,
    -3.38334059715271,
    -4.224590301513672,
    -1.219050645828247,
    -2.257388114929199,
    -3.882917881011963,
    -9.794920921325684,
    -5.825092315673828,
    -1.1292319297790527,
    -6.7686004638671875,
    -3.7005198001861572,
    -2.7461304664611816,
    -4.749867916107178,
    -5.197534561157227,
    -5.15169620513916,
    -3.0335655212402344,
    -1.1301199197769165,
    -2.529240608215332,
    -3.7900772094726562,
    -2.499969959259033,
    0.009609699249267578,
    -1.3319474458694458,
    -2.849729061126709,
    -4.165731906890869,
    -4.845645904541016,
    -2.6155669689178467,
    -3.531123161315918,
    -1.655622959136963,
    0.47015380859375,
    -3.9154839515686035,
    -4.406302452087402,
    -0.5470654964447021,
    -2.3871779441833496,
    -2.8575797080993652,
    -1.0110771656036377,
    -2.9277474880218506,
    -6.243559837341309,
    -4.706080436706543,
    -1.9770002365112305,
    -1.0603861808776855,
    -1.8898468017578125,
    -3.2606306076049805,
    -3.385125160217285,
    -3.017712116241455,
    -2.7041733264923096,
    -4.527947902679443,
    -7.371915817260742,
    -4.52889347076416,
    -4.522355079650879,
    -8.671072959899902,
    -1.7114195823669434,
    -1.1386797428131104,
    -1.57105553150177,
    0.4739062786102295,
    -3.8673295974731445,
    -7.555708885192871,
    -3.7360165119171143,
    0.03483772277832031,
    -5.176465034484863,
    -0.6542651653289795,
    -4.194450855255127,
    -6.865692138671875,
    -0.36351799964904785,
    -4.358755588531494,
    -2.3225796222686768,
    -5.431386947631836,
    -5.298567295074463,
    -4.659841060638428,
    -1.2426221370697021,
    -2.2475883960723877,
    -2.396587371826172,
    -4.877309799194336,
    -1.1124305725097656,
    -0.3953118324279785,
    -3.4071662425994873,
    -1.647971272468567,
    -6.769400596618652,
    -2.6347146034240723,
    -1.336119532585144,
    -4.788167953491211,
    -4.14718770980835,
    -5.6091084480285645,
    -2.353452682495117,
    -2.156031608581543,
    -1.2916206121444702,
    -4.854717254638672,
    -4.7320332527160645,
    -1.4070613384246826,
    -1.7460240125656128,
    -5.005655765533447,
    -0.9704327583312988,
    -6.348937511444092,
    -2.8624300956726074,
    -1.7854819297790527,
    -1.6389284133911133,
    -2.6134815216064453,
    -2.700997829437256,
    -4.695436000823975,
    -0.40425848960876465,
    0.12211441993713379,
    -1.4806197881698608,
    -6.327962398529053,
    -0.3792552947998047,
    -0.5747582912445068,
    -3.62036395072937,
    -2.4767234325408936,
    -1.5603286027908325,
    -1.2230629920959473,
    -3.7623696327209473,
    -2.1520581245422363,
    -0.6582200527191162,
    -2.5370781421661377,
    -2.8315114974975586,
    -4.365749359130859,
    -5.174443244934082,
    -5.532571792602539,
    -2.4668188095092773,
    -4.473546504974365,
    -3.363734483718872,
    -2.4662184715270996,
    -2.8692517280578613,
    -2.6418280601501465,
    -0.8876760005950928,
    -6.93306827545166,
    -0.8555593490600586,
    0.5348491668701172,
    -1.1208136081695557,
    -0.5071284770965576,
    -4.489532470703125,
    -1.3173027038574219
  ],