{
  "n_train": 902,
  "n_test": 226,
  "target_column": "target",
  "epochs_run": 64,
  "best_epoch": 49,
  "train_time_s": 36.6,
  "rmse": 0.5838010464265284,
  "mae": 0.4274172846194917,
  "r2": 0.9278955287667131,
  "predictions": [
    -2.542553663253784,
    -1.9809160232543945,
    -2.0390548706054688,
    -2.5235047340393066,
    -6.7807512283325195,
    -1.385488748550415,
    -4.059535026550293,
    -1.6162002086639404,
    -8.850276947021484,
    -2.468088150024414,
    -4.754350185394287,
    0.18781566619873047,
    -3.237863063812256,
    -2.066580295562744,
    -2.797581434249878,
    -0.5594706535339355,
    -2.4607458114624023,
    -9.194158554077148,
    -3.268608331680298,
    -3.4805195331573486,
    -1.3977394104003906,
    -6.033767223358154,
    0.9015970230102539,
    -1.5765515565872192,
    -1.6548035144805908,
    -7.5134477615356445,
    -0.3794229030609131,
    -0.24825596809387207,
    -1.3714615106582642,
    -1.5018258094787598,
    -1.246277928352356,
    -6.470207214355469,
    -3.6772642135620117,
    -1.7167768478393555,
    -2.4581542015075684,
    -1.842221736907959,
    -4.104053974151611,
    -0.3280458450317383,
    -4.668127059936523,
    -6.767925262451172,
    -1.226639986038208,
    -7.459534168243408,
    -4.4280476570129395,
    -5.810703277587891,
    -7.615482807159424,
    -4.784654140472412,
    -3.9612226486206055,
    -3.5845043659210205,
    -4.945287227630615,
    -7.12625789642334,
    -4.772869110107422,
    -7.889500617980957,
    -1.6373928785324097,
    -2.457915782928467,
    -0.6747963428497314,
    -3.881293296813965,
    -1.7347908020019531,
    -4.400424480438232,
    -2.8208975791931152,
    -6.685311317443848,
    -2.6788811683654785,
    -2.2911832332611084,
    0.09970283508300781,
    -5.6681132316589355,
    -3.648857593536377,
    -1.6216312646865845,
    -1.8941459655761719,
    -6.4421586990356445,
    -2.118633270263672,
    -3.149440050125122,
    -0.09897756576538086,
    0.7643299102783203,
    -2.0629873275756836,
    -5.629364967346191,
    -2.001741886138916,
    0.23127150535583496,
    -1.6238830089569092,
    -3.7641358375549316,
    -4.300362586975098,
    -6.995541572570801,
    -4.744845390319824,
    -1.2341045141220093,
    -3.0230400562286377,
    -3.1117730140686035,
    -4.810753345489502,
    -0.9493074417114258,
    -2.446246385574341,
    -0.013759851455688477,
    -5.925807952880859,
    0.04190826416015625,
    -2.6167991161346436,
    -4.052036762237549,
    -4.715339183807373,
    -0.5306086540222168,
    -1.4440737962722778,
    -4.79078483581543,
    -1.3237584829330444,
    0.18071889877319336,
    -2.0929648876190186,
    0.25953197479248047,
    -1.8631027936935425,
    -3.499044179916382,
    -5.7887372970581055,
    -3.071483850479126,
    -1.5422663688659668,
    -3.693240165710449,
    -0.6129331588745117,
    -0.571815013885498,
    -5.0505194664001465,
    -7.860158443450928,
    -7.687829494476318,
    -0.8654806613922119,
    -2.395127058029175,
    -2.380793333053589,
    -1.1166300773620605,
    -0.1732642650604248,
    -1.4619863033294678,
    -1.641882061958313,
    -1.02083158493042,
    -2.7442731857299805,
    -2.4850854873657227,
    -5.078853607177734,
    -3.086993932723999,
    -1.9873266220092773,
    -2.386807680130005,
    -3.5996437072753906,
    -2.343395709991455,
    -4.861614227294922,
    -0.23359990119934082,
    -0.7077460289001465,
    -0.9591290950775146,
    -2.4837560653686523,
    -1.360671043395996,
    -2.6935038566589355,
    -2.1205852031707764,
    -2.641145944595337,
    -2.4650497436523438,
    -0.9176151752471924,
    -4.32412052154541,
    -4.301119804382324,
    -4.548739433288574,
    -5.488104820251465,
    -4.0577192306518555,
    -3.733940839767456,
    -2.3917388916015625,
    -2.7298643589019775,
    -0.8978071212768555,
    -1.842751145362854,
    0.5526766777038574,
    -3.311401844024658,
    -0.22789812088012695,
    -0.7415974140167236,
    -4.346299648284912,
    -1.4238979816436768,
    -2.1438791751861572,
    -4.355466842651367,
    -7.402523517608643,
    -3.145660638809204,
    -2.4974617958068848,
    -8.614625930786133,
    -2.0032529830932617,
    -2.855100631713867,
    0.23710250854492188,
    -2.0629873275756836,
    -4.747166633605957,
    -3.114776611328125,
    -1.4563556909561157,
    -1.7647234201431274,
    0.026719093322753906,
    -1.4613577127456665,
    -1.5197253227233887,
    -3.97656512260437,
    -1.0341250896453857,
    -4.147891044616699,
    -7.3709588050842285,
    -3.8384339809417725,
    -3.2498722076416016,
    -4.789243698120117,
    -3.5180089473724365,
    -7.247025489807129,
    -3.002012252807617,
    -8.147638320922852,
    0.2409048080444336,
    -1.3333039283752441,
    -2.0284342765808105,
    -3.4096412658691406,
    -0.6726100444793701,
    -3.0975544452667236,
    -7.4236955642700195,
    -2.743699550628662,
    -0.6785833835601807,
    -4.762202262878418,
    -0.49782466888427734,
    -3.684386730194092,
    -3.4938716888427734,
    -0.6461930274963379,
    -4.128992080688477,
    -6.86937141418457,
    0.14921927452087402,
    -3.8001275062561035,
    -0.08411073684692383,
    -3.415300130844116,
    -3.206028938293457,
    -2.5443949699401855,
    -4.527600288391113,
    -0.2246389389038086,
    -4.234753131866455,
    -2.6664910316467285,
    -0.9778647422790527,
    -4.337082862854004,
    -1.689544439315796,
    -3.53670072555542,
    -1.600543737411499,
    0.5675749778747559,
    -1.12079918384552,
    -5.113171100616455,
    -3.542328119277954,
    -5.343419551849365,
    -3.9601755142211914,
    -8.356148719787598,
    0.27094054222106934,
    -4.56937313079834,
    -6.415592193603516,
    -2.6303157806396484,
    -2.1707065105438232,
    -2.729954719543457
  ],