{
  "n_train": 902,
  "n_test": 226,
  "epochs_run": 2,
  "best_epoch": 2,
  "train_time_s": 1.1,
  "rmse": 1.8723839977793402,
  "mae": 1.4861925043890962,
  "r2": 0.2583102114466165,
  "predictions": [
    -2.620413064956665,
    -2.9388442039489746,
    -3.161754846572876,
    -2.570453643798828,
    -3.674947738647461,
    -3.0610508918762207,
    -3.4176106452941895,
    -2.7842867374420166,
    -4.052524566650391,
    -3.0298409461975098,
    -3.4343948364257812,
    -2.689281940460205,
    -3.4269168376922607,
    -2.835907220840454,
    -2.9203240871429443,
    -2.552185297012329,
    -2.9652371406555176,
    -3.2030181884765625,
    -3.545691728591919,
    -3.329216718673706,
    -2.9420223236083984,
    -3.889885663986206,
    -2.3532018661499023,
    -3.0711658000946045,
    -2.98211932182312,
    -3.9926204681396484,
    -2.4421377182006836,
    -2.4650628566741943,
    -2.996828079223633,
    -2.5719316005706787,
    -2.6555142402648926,
    -4.0517730712890625,
    -2.816929340362549,
    -3.5041465759277344,
    -3.2259438037872314,
    -2.871523380279541,
    -3.495046615600586,
    -2.9404642581939697,
    -3.4411566257476807,
    -3.3332324028015137,
    -2.5663018226623535,
    -3.395273208618164,
    -3.4792022705078125,
    -3.142784595489502,
    -4.261445045471191,
    -3.754570960998535,
    -3.4714701175689697,
    -3.6118826866149902,
    -2.940660238265991,
    -3.4270107746124268,
    -2.934244155883789,
    -4.224348545074463,
    -2.593277931213379,
    -3.494668960571289,
    -2.7101659774780273,
    -3.6036384105682373,
    -3.387079954147339,
    -3.391040325164795,
    -3.0318377017974854,
    -3.4312005043029785,
    -3.0773134231567383,
    -3.2020387649536133,
    -2.459425687789917,
    -3.197377920150757,
    -3.4384922981262207,
    -2.990320920944214,
    -2.806776523590088,
    -4.0501837730407715,
    -3.0048987865448,
    -2.7598562240600586,
    -2.615309715270996,
    -2.632765769958496,
    -2.947788715362549,
    -3.645177125930786,
    -3.3531227111816406,
    -2.769090414047241,
    -2.8243894577026367,
    -3.0456390380859375,
    -2.931910753250122,
    -3.641592025756836,
    -3.3546369075775146,
    -2.5712099075317383,
    -2.909158706665039,
    -3.4640250205993652,
    -2.977386713027954,
    -3.280161142349243,
    -3.6438980102539062,
    -2.9332823753356934,
    -3.374110698699951,
    -2.634364128112793,
    -3.551875114440918,
    -3.708735466003418,
    -3.309945821762085,
    -2.755347490310669,
    -2.694636344909668,
    -3.744281053543091,
    -3.0672621726989746,
    -2.7761754989624023,
    -3.121924638748169,
    -2.765357732772827,
    -3.143615245819092,
    -3.2546424865722656,
    -3.934960126876831,
    -3.3831400871276855,
    -3.503469467163086,
    -3.578373908996582,
    -2.7829031944274902,
    -2.7045021057128906,
    -3.307110548019409,
    -3.49505615234375,
    -4.2244873046875,
    -2.819746255874634,
    -3.2104909420013428,
    -3.5704236030578613,
    -2.8315203189849854,
    -2.642247200012207,
    -2.8601202964782715,
    -2.8717620372772217,
    -2.7177562713623047,
    -3.4170749187469482,
    -3.3233981132507324,
    -3.6288816928863525,
    -2.907196521759033,
    -2.9452006816864014,
    -3.0102715492248535,
    -3.4684011936187744,
    -3.6408631801605225,
    -3.178553342819214,
    -2.6677374839782715,
    -3.227322816848755,
    -3.199132204055786,
    -2.9644694328308105,
    -2.9308996200561523,
    -3.3006505966186523,
    -2.6561648845672607,
    -3.0369248390197754,
    -2.9273900985717773,
    -2.830657720565796,
    -3.2777438163757324,
    -3.1107537746429443,
    -3.179905414581299,
    -3.296785593032837,
    -3.6009340286254883,
    -3.535252571105957,
    -2.866779327392578,
    -3.228771686553955,
    -3.0108370780944824,
    -2.812506914138794,
    -3.0440759658813477,
    -3.439822196960449,
    -2.652738571166992,
    -2.846151351928711,
    -3.743309497833252,
    -2.5983686447143555,
    -3.4093735218048096,
    -3.0752317905426025,
    -4.259322643280029,
    -3.7451229095458984,
    -2.69132924079895,
    -4.300945281982422,
    -2.9529318809509277,
    -2.996041774749756,
    -3.0576887130737305,
    -2.9477884769439697,
    -3.2696824073791504,
    -3.3698744773864746,
    -2.8862361907958984,
    -3.1822047233581543,
    -2.7491798400878906,
    -2.6178512573242188,
    -2.620279312133789,
    -2.7754461765289307,
    -2.6828670501708984,
    -3.2712252140045166,
    -3.7269978523254395,
    -3.708160400390625,
    -3.2755496501922607,
    -2.9674150943756104,
    -3.336350917816162,
    -4.097283363342285,
    -3.3272194862365723,
    -4.026547908782959,
    -2.9819066524505615,
    -3.3175137042999268,
    -3.1108181476593018,
    -3.3432793617248535,
    -3.1252224445343018,
    -3.4782557487487793,
    -4.1442365646362305,
    -2.9765305519104004,
    -2.858877420425415,
    -3.257263660430908,
    -2.5614585876464844,
    -3.745784282684326,
    -3.409973382949829,
    -2.2493507862091064,
    -3.673649787902832,
    -4.073541164398193,
    -2.4258217811584473,
    -3.2165024280548096,
    -3.0491464138031006,
    -2.9494080543518066,
    -3.3994619846343994,
    -3.041081190109253,
    -3.378857135772705,
    -2.2844960689544678,
    -3.0618319511413574,
    -2.6899640560150146,
    -2.2916994094848633,
    -3.416776180267334,
    -2.9806721210479736,
    -2.834696054458618,
    -2.952369213104248,
    -2.2602081298828125,
    -2.6301987171173096,
    -3.4068684577941895,
    -3.498197078704834,
    -3.1294941902160645,
    -2.874530553817749,
    -4.304767608642578,
    -2.7141060829162598,
    -3.8304386138916016,
    -4.0906596183776855,
    -2.6715714931488037,
    -2.9683072566986084,
    -3.033222198486328
  ],